-- phpMyAdmin SQL Dump
-- version 5.2.1
-- https://www.phpmyadmin.net/
--
-- Host: 127.0.0.1
-- Generation Time: Nov 03, 2023 at 06:27 AM
-- Server version: 10.4.28-MariaDB
-- PHP Version: 8.2.4

SET SQL_MODE = "NO_AUTO_VALUE_ON_ZERO";
START TRANSACTION;
SET time_zone = "+00:00";


/*!40101 SET @OLD_CHARACTER_SET_CLIENT=@@CHARACTER_SET_CLIENT */;
/*!40101 SET @OLD_CHARACTER_SET_RESULTS=@@CHARACTER_SET_RESULTS */;
/*!40101 SET @OLD_COLLATION_CONNECTION=@@COLLATION_CONNECTION */;
/*!40101 SET NAMES utf8mb4 */;

--
-- Database: `absenguru_db`
--

-- --------------------------------------------------------

--
-- Table structure for table `data_absensi`
--

CREATE TABLE `data_absensi` (
  `tanggal` date NOT NULL,
  `nip` varchar(25) DEFAULT NULL,
  `nama` varchar(50) DEFAULT NULL,
  `jammasuk` time DEFAULT NULL,
  `jamkeluar` time DEFAULT NULL,
  `keteranganmasuk` varchar(30) DEFAULT NULL,
  `keterangankeluar` varchar(30) DEFAULT NULL
) ENGINE=InnoDB DEFAULT CHARSET=utf8mb4 COLLATE=utf8mb4_general_ci;

--
-- Dumping data for table `data_absensi`
--

INSERT INTO `data_absensi` (`tanggal`, `nip`, `nama`, `jammasuk`, `jamkeluar`, `keteranganmasuk`, `keterangankeluar`) VALUES
('2023-09-17', '19940508 202221 1 005', ' ERI RAHMAN, S.Pd.', '21:46:33', '21:51:54', 'Jam ke-10', 'Jam ke-10'),
('2023-09-17', '19660508 198903 2 003', ' Hj. AI NURHAYATI,S.Pd., M.Pd.', '21:46:37', '21:51:58', 'Jam ke-10', 'Jam ke-10'),
('2023-09-17', '19740409 200801 1 006', ' MAMUN NAWAWI, S.Ag., M.Pd.', '21:46:40', '21:52:00', 'Jam ke-10', 'Jam ke-10'),
('2023-09-17', '19660804 199803 1 005', ' Drs. CECEP HASANUDIN', '21:46:44', '21:48:04', 'Jam ke-10', 'Jam ke-10'),
('2023-09-17', '19660814 198903 2 010', ' RINA AGUSTINI, M.M.Pd.', '21:46:48', '21:52:05', 'Jam ke-10', 'Jam ke-10'),
('2023-09-17', '19880425 202321 2 011', ' SITI SAADAH, S.Pd.', '21:46:51', '21:47:18', 'Jam ke-10', 'Jam ke-10'),
('2023-09-17', '19690926 199802 2 001', ' Hj. JUSTIKA PELITASARI, S.Pd.', '21:47:52', '21:52:09', 'Jam ke-10', 'Jam ke-10'),
('2023-09-17', '19641124 199403 2 002', ' Dra. YAYAH SYAMSIAH, M.Ag.', '21:47:53', '21:52:10', 'Jam ke-10', 'Jam ke-10'),
('2023-09-17', '19650209 198412 2 002', ' Hj. INA HERLINA, S.Pd.', '21:47:55', '21:52:11', 'Jam ke-10', 'Jam ke-10'),
('2023-09-17', '19830120 201412 2 002', ' SUSI SOMADI, M.Pd.', '21:47:56', '21:52:12', 'Jam ke-10', 'Jam ke-10'),
('2023-09-17', '19680728 199403 2 009', ' Hj. YANTI SRI RAHAYU, M.Pd.', '21:47:57', '21:52:13', 'Jam ke-10', 'Jam ke-10'),
('2023-09-17', '19680210 199802 2 002', ' MIMIN TITA MARLIANI, S.Pd.', '21:47:58', '21:52:14', 'Jam ke-10', 'Jam ke-10'),
('2023-09-17', '19640204 199512 2 004', ' Dra. Hj. NENI ROHAYATI, M.Pd.', '21:47:59', '21:52:15', 'Jam ke-10', 'Jam ke-10'),
('2023-09-17', '19970306 202221 2 014', ' YULYANTI RIZKIA, S.Pd.', '21:48:00', '21:52:15', 'Jam ke-10', 'Jam ke-10'),
('2023-09-17', '19891116 202321 1 005', ' HERRI SETIAWAN, S.Pd., Gr.', '21:48:02', '21:52:16', 'Jam ke-10', 'Jam ke-10'),
('2023-09-17', '19710212 199903 2 003', ' DEDEH KURAESIN, S.Pd.', '21:48:03', '21:52:17', 'Jam ke-10', 'Jam ke-10'),
('2023-09-17', '19850606 201101 2 003', ' SUCI INTAN SARI, M.Pd.', '21:48:05', '21:52:25', 'Jam ke-10', 'Jam ke-10'),
('2023-09-17', '19660110 198903 2 009', ' Hj. ENTIN SUMARTINI, S.Pd.', '21:48:07', '21:52:25', 'Jam ke-10', 'Jam ke-10'),
('2023-09-17', '19750124 200701 2 005', ' DEMIYANTI, S.Pd.', '21:48:08', '21:52:26', 'Jam ke-10', 'Jam ke-10'),
('2023-09-17', '19800917 200801 2 012', ' IRA RAHAYUNINGSIH, S.Pd', '21:48:11', '21:52:28', 'Jam ke-10', 'Jam ke-10'),
('2023-09-17', '19890408 201903 2 002', ' HANIFAH, S.Pd.', '21:48:12', '21:52:29', 'Jam ke-10', 'Jam ke-10'),
('2023-09-17', '19710303 199903 2 007', ' N. YUYUN YUNIARTI, S.Pd.', '21:48:15', '21:48:26', 'Jam ke-10', 'Jam ke-10'),
('2023-09-17', '19650214 199503 1 002', ' Drs. SUKARDI, M.Pd.', '21:48:24', '21:48:34', 'Jam ke-10', 'Jam ke-10'),
('2023-09-17', '19810205 200501 2 011', ' EMA SUKAESIH, M.Pd.', '21:48:27', '21:52:30', 'Jam ke-10', 'Jam ke-10'),
('2023-09-17', '19650828 199002 1 002', ' ONO SUHARYONO, M.Ag.', '21:48:42', '21:52:42', 'Jam ke-10', 'Jam ke-10'),
('2023-09-17', '19661007 198903 2 004', ' LILIS HENDRAWATI, M.Pd.', '21:48:44', '21:52:43', 'Jam ke-10', 'Jam ke-10'),
('2023-09-17', '19870424 202221 1 018', ' INDRA NURDIANSAH, S.Pd.', '21:48:45', '21:52:43', 'Jam ke-10', 'Jam ke-10'),
('2023-09-17', '19850830 202221 2 023', ' DINNA DANIATI, S.Pd.', '21:48:46', '21:52:48', 'Jam ke-10', 'Jam ke-10'),
('2023-09-17', '19700813 199512 2 002', ' Hj. YULIA KARAHMATIKA, M.Pd.', '21:48:47', '21:52:49', 'Jam ke-10', 'Jam ke-10'),
('2023-09-17', '19800108 201412 1 001', ' INDRA BUDIAJI, M.Pd.', '21:48:48', '21:52:50', 'Jam ke-10', 'Jam ke-10'),
('2023-09-17', '19640131 198903 1 003', ' HERY KUSMANTORO, S.Pd.', '21:48:49', '21:52:51', 'Jam ke-10', 'Jam ke-10'),
('2023-09-17', '19670617 198903 2 003', ' EULIS TUTIASIH, S.Pd.', '21:48:50', '21:52:52', 'Jam ke-10', 'Jam ke-10'),
('2023-09-17', '19760820 200801 1 005', ' IYAN MULYANA, S.Pd.', '21:48:52', '21:52:53', 'Jam ke-10', 'Jam ke-10'),
('2023-09-17', '19680329 199601 2 001', ' NUNUNG SUKAESIH, S.Pd, M.Pd.', '21:48:53', '21:52:54', 'Jam ke-10', 'Jam ke-10'),
('2023-09-17', '19960512 202321 2 011', ' FAUZIAH NUR ACHMAD, S.Pd.', '21:48:54', '21:52:54', 'Jam ke-10', 'Jam ke-10'),
('2023-09-17', '19641216 198903 2 004', ' Dra. TITIN ROSTIKA', '21:48:55', '21:52:55', 'Jam ke-10', 'Jam ke-10'),
('2023-09-17', '19950220 202321 2 025', ' MITTA PRATAMA, M.Pd.', '21:48:57', '21:52:56', 'Jam ke-10', 'Jam ke-10'),
('2023-09-17', '19680819 199302 2 002', ' Hj. N. RINI RAHMATIN, S.Pd.', '21:48:58', '21:52:57', 'Jam ke-10', 'Jam ke-10'),
('2023-09-17', '19660215 198903 1 005', ' OCENG RUM KARNODI, M.Pd.', '21:48:59', '21:49:43', 'Jam ke-10', 'Jam ke-10'),
('2023-09-17', '19640116 198412 2 003', ' RINI RIYANI, S.Pd.', '21:49:02', '21:49:41', 'Jam ke-10', 'Jam ke-10'),
('2023-09-17', '19680715 202221 2 005', ' Dra. EBAH SUAEBAH', '21:49:03', '21:49:16', 'Jam ke-10', 'Jam ke-10'),
('2023-09-17', '19911123 202321 2 026', ' NOVA SILVIA, S.Pd.', '21:49:05', '21:49:17', 'Jam ke-10', 'Jam ke-10'),
('2023-09-17', '19930512 202321 2 026', ' YESSI AANUR RAYINA, S.Pd.', '21:49:07', '21:50:00', 'Jam ke-10', 'Jam ke-10'),
('2023-09-17', '19800429 202321 2 005', ' HENI HENDRAYANI, S.S.', '21:49:18', '21:49:59', 'Jam ke-10', 'Jam ke-10'),
('2023-09-17', '19631118 198703 1 004', 'AYUB', '21:49:42', '21:53:02', 'Jam ke-10', 'Jam ke-10'),
('2023-09-17', '19640304 199303 2 003', ' Dra. SRI MULYATI', '21:51:06', '21:53:22', 'Jam ke-10', 'Jam ke-10'),
('2023-09-17', '19660818 199703 2 002', ' Dra. TINI KARTINI', '21:51:07', '21:53:23', 'Jam ke-10', 'Jam ke-10'),
('2023-09-17', '19670608 199702 2 002', ' Dra. AI SUHAETI', '21:51:08', '21:53:24', 'Jam ke-10', 'Jam ke-10'),
('2023-09-17', '19770508 202221 2 009', ' RINA SITI PATIMAH, S.Pd.', '21:51:09', '21:53:25', 'Jam ke-10', 'Jam ke-10'),
('2023-09-17', '19740515 199903 2 006', ' MAMAY CUMAETI , S.Pd.', '21:51:10', '21:51:11', 'Jam ke-10', 'Jam ke-10'),
('2023-09-17', '19700508 202321 1 001', ' ASEP SAEPULLAH, S.Pd.I.', '21:58:27', '21:58:28', 'Jam ke-10', 'Jam ke-10'),
('2023-09-18', '19640131 198903 1 003', ' HERY KUSMANTORO, S.Pd.', '00:23:12', '00:33:12', 'Jam ke-0', 'Jam ke-0'),
('2023-09-18', '19850830 202221 2 023', ' DINNA DANIATI, S.Pd.', '00:23:19', '00:33:12', 'Jam ke-0', 'Jam ke-0'),
('2023-09-18', '19680329 199601 2 001', ' NUNUNG SUKAESIH, S.Pd, M.Pd.', '00:24:15', '00:33:13', 'Jam ke-0', 'Jam ke-0'),
('2023-09-18', '19870424 202221 1 018', ' INDRA NURDIANSAH, S.Pd.', '00:24:23', '00:33:14', 'Jam ke-0', 'Jam ke-0'),
('2023-09-18', '19710303 199903 2 007', ' N. YUYUN YUNIARTI, S.Pd.', '00:24:37', '00:33:15', 'Jam ke-0', 'Jam ke-0'),
('2023-09-18', '19800108 201412 1 001', ' INDRA BUDIAJI, M.Pd.', '00:24:41', '00:33:16', 'Jam ke-0', 'Jam ke-0'),
('2023-09-18', '19660110 198903 2 009', ' Hj. ENTIN SUMARTINI, S.Pd.', '00:24:44', '00:33:16', 'Jam ke-0', 'Jam ke-0'),
('2023-09-18', '19700813 199512 2 002', ' Hj. YULIA KARAHMATIKA, M.Pd.', '00:24:45', '00:33:17', 'Jam ke-0', 'Jam ke-0'),
('2023-09-18', '12345678 123456 1 007', ' AMELISA SARINAYASA, S.Pd', '00:24:46', '00:25:43', 'Jam ke-0', 'Jam ke-0'),
('2023-09-18', '12345678 123456 1 008', ' HARUM SARI, S.Pd', '00:26:34', '00:34:55', 'Jam ke-0', 'Jam ke-0'),
('2023-09-18', '12345678 123456 1 004', ' NOVIA AMALLINDA, S.Pd., Gr.', '00:27:05', '00:33:28', 'Jam ke-0', 'Jam ke-0'),
('2023-09-18', '12345678 123456 1 002', ' SUHERMAN, S.Pd', '00:27:07', '00:33:29', 'Jam ke-0', 'Jam ke-0'),
('2023-09-18', '12345678 123456 1 006', ' IRMA SUCI DESTIA, S.Pd.', '00:27:09', '00:33:30', 'Jam ke-0', 'Jam ke-0'),
('2023-09-18', '12345678 123456 1 003', ' TINA GUSTINI, S.Pd.', '00:27:10', '00:33:30', 'Jam ke-0', 'Jam ke-0'),
('2023-09-18', '12345678 123456 1 001', ' MUHAMAD KASYFIL AZIZI, S.Pd.', '00:27:12', '00:33:31', 'Jam ke-0', 'Jam ke-0'),
('2023-09-18', '12345678 123456 1 005', ' FATIN FAUZIYYAH TIRAS P. S.Pd.', '00:27:13', '00:33:32', 'Jam ke-0', 'Jam ke-0'),
('2023-09-18', '19660508 198903 2 003', ' Hj. AI NURHAYATI,S.Pd., M.Pd.', '00:27:16', '00:33:33', 'Jam ke-0', 'Jam ke-0'),
('2023-09-18', '19641124 199403 2 002', ' Dra. YAYAH SYAMSIAH, M.Ag.', '00:27:19', '00:33:34', 'Jam ke-0', 'Jam ke-0'),
('2023-09-18', '19740409 200801 1 006', ' MAMUN NAWAWI, S.Ag., M.Pd.', '00:27:24', '00:33:35', 'Jam ke-0', 'Jam ke-0'),
('2023-09-18', '19700508 202321 1 001', ' ASEP SAEPULLAH, S.Pd.I.', '00:27:26', '00:33:35', 'Jam ke-0', 'Jam ke-0'),
('2023-09-18', '19880425 202321 2 011', ' SITI SAADAH, S.Pd.', '00:27:28', '00:33:36', 'Jam ke-0', 'Jam ke-0'),
('2023-09-18', '19640204 199512 2 004', ' Dra. Hj. NENI ROHAYATI, M.Pd.', '00:27:34', '00:33:37', 'Jam ke-0', 'Jam ke-0'),
('2023-09-18', '19680210 199802 2 002', ' MIMIN TITA MARLIANI, S.Pd.', '00:27:38', '00:33:37', 'Jam ke-0', 'Jam ke-0'),
('2023-09-18', '19690926 199802 2 001', ' Hj. JUSTIKA PELITASARI, S.Pd.', '00:27:41', '00:33:38', 'Jam ke-0', 'Jam ke-0'),
('2023-09-18', '19940508 202221 1 005', ' ERI RAHMAN, S.Pd.', '00:27:45', '00:33:39', 'Jam ke-0', 'Jam ke-0'),
('2023-09-18', '19891116 202321 1 005', ' HERRI SETIAWAN, S.Pd., Gr.', '00:27:48', '00:33:40', 'Jam ke-0', 'Jam ke-0'),
('2023-09-18', '19660814 198903 2 010', ' RINA AGUSTINI, M.M.Pd.', '00:27:52', '00:33:40', 'Jam ke-0', 'Jam ke-0'),
('2023-09-18', '19970306 202221 2 014', ' YULYANTI RIZKIA, S.Pd.', '00:27:55', '00:33:41', 'Jam ke-0', 'Jam ke-0'),
('2023-09-18', '19830120 201412 2 002', ' SUSI SOMADI, M.Pd.', '00:27:58', '00:33:42', 'Jam ke-0', 'Jam ke-0'),
('2023-09-18', '19680728 199403 2 009', ' Hj. YANTI SRI RAHAYU, M.Pd.', '00:28:05', '00:33:43', 'Jam ke-0', 'Jam ke-0'),
('2023-09-18', '19660804 199803 1 005', ' Drs. CECEP HASANUDIN', '00:28:07', '00:28:56', 'Jam ke-0', 'Jam ke-0'),
('2023-09-18', '19650209 198412 2 002', ' Hj. INA HERLINA, S.Pd.', '00:28:10', '00:33:47', 'Jam ke-0', 'Jam ke-0'),
('2023-09-18', '19710212 199903 2 003', ' DEDEH KURAESIN, S.Pd.', '00:28:16', '00:33:48', 'Jam ke-0', 'Jam ke-0'),
('2023-09-18', '19661007 198903 2 004', ' LILIS HENDRAWATI, M.Pd.', '00:28:18', '00:33:49', 'Jam ke-0', 'Jam ke-0'),
('2023-09-18', '19890408 201903 2 002', ' HANIFAH, S.Pd.', '00:28:23', '00:33:50', 'Jam ke-0', 'Jam ke-0'),
('2023-09-18', '19810205 200501 2 011', ' EMA SUKAESIH, M.Pd.', '00:28:25', '00:33:51', 'Jam ke-0', 'Jam ke-0'),
('2023-09-18', '19650214 199503 1 002', ' Drs. SUKARDI, M.Pd.', '00:28:27', '00:33:51', 'Jam ke-0', 'Jam ke-0'),
('2023-09-18', '19650828 199002 1 002', ' ONO SUHARYONO, M.Ag.', '00:28:33', '00:33:52', 'Jam ke-0', 'Jam ke-0'),
('2023-09-18', '19800917 200801 2 012', ' IRA RAHAYUNINGSIH, S.Pd', '00:28:35', '00:33:53', 'Jam ke-0', 'Jam ke-0'),
('2023-09-18', '19750124 200701 2 005', ' DEMIYANTI, S.Pd.', '00:31:01', '00:33:57', 'Jam ke-0', 'Jam ke-0'),
('2023-09-18', '19850606 201101 2 003', ' SUCI INTAN SARI, M.Pd.', '00:31:07', '00:33:58', 'Jam ke-0', 'Jam ke-0'),
('2023-09-18', '19770508 202221 2 009', ' RINA SITI PATIMAH, S.Pd.', '00:31:14', '00:33:59', 'Jam ke-0', 'Jam ke-0'),
('2023-09-18', '19670608 199702 2 002', ' Dra. AI SUHAETI', '00:31:19', '00:34:00', 'Jam ke-0', 'Jam ke-0'),
('2023-09-18', '19740515 199903 2 006', ' MAMAY CUMAETI , S.Pd.', '00:31:23', '00:34:01', 'Jam ke-0', 'Jam ke-0'),
('2023-09-18', '19640304 199303 2 003', ' Dra. SRI MULYATI', '00:31:29', '00:34:01', 'Jam ke-0', 'Jam ke-0'),
('2023-09-18', '19640116 198412 2 003', ' RINI RIYANI, S.Pd.', '00:31:38', '00:34:02', 'Jam ke-0', 'Jam ke-0'),
('2023-09-18', '19680819 199302 2 002', ' Hj. N. RINI RAHMATIN, S.Pd.', '00:31:42', '00:34:03', 'Jam ke-0', 'Jam ke-0'),
('2023-09-18', '19930512 202321 2 026', ' YESSI AANUR RAYINA, S.Pd.', '00:31:47', '00:34:04', 'Jam ke-0', 'Jam ke-0'),
('2023-09-18', '19660818 199703 2 002', ' Dra. TINI KARTINI', '00:31:51', '00:34:05', 'Jam ke-0', 'Jam ke-0'),
('2023-09-18', '19631118 198703 1 004', 'AYUB', '00:31:55', '00:34:05', 'Jam ke-0', 'Jam ke-0'),
('2023-09-18', '19960512 202321 2 011', ' FAUZIAH NUR ACHMAD, S.Pd.', '00:31:59', '00:34:07', 'Jam ke-0', 'Jam ke-0'),
('2023-09-18', '19800429 202321 2 005', ' HENI HENDRAYANI, S.S.', '00:32:03', '00:34:08', 'Jam ke-0', 'Jam ke-0'),
('2023-09-18', '19680715 202221 2 005', ' Dra. EBAH SUAEBAH', '00:32:19', '00:34:09', 'Jam ke-0', 'Jam ke-0'),
('2023-09-18', '19641216 198903 2 004', ' Dra. TITIN ROSTIKA', '00:32:23', '00:34:10', 'Jam ke-0', 'Jam ke-0'),
('2023-09-18', '19660215 198903 1 005', ' OCENG RUM KARNODI, M.Pd.', '00:32:27', '00:34:10', 'Jam ke-0', 'Jam ke-0'),
('2023-09-18', '19760820 200801 1 005', ' IYAN MULYANA, S.Pd.', '00:32:31', '00:34:11', 'Jam ke-0', 'Jam ke-0'),
('2023-09-18', '19911123 202321 2 026', ' NOVA SILVIA, S.Pd.', '00:32:34', '00:34:12', 'Jam ke-0', 'Jam ke-0'),
('2023-09-18', '19670617 198903 2 003', ' EULIS TUTIASIH, S.Pd.', '00:32:38', '00:34:14', 'Jam ke-0', 'Jam ke-0'),
('2023-09-18', '19950220 202321 2 025', ' MITTA PRATAMA, M.Pd.', '00:32:42', '00:34:15', 'Jam ke-0', 'Jam ke-0'),
('2023-09-18', '19680327 199203 2 002', ' TARSAH SUMIATI, S.Pd.', '00:35:19', '00:35:20', 'Jam ke-0', 'Jam ke-0'),
('2023-09-18', '10120709', 'RIJAL', '03:21:04', '03:21:14', 'Jam ke-0', 'Jam ke-0'),
('2023-09-29', '19750124 200701 2 005', ' DEMIYANTI, S.Pd.', '09:32:41', '10:12:47', 'Jam ke-4', 'Jam ke-5'),
('2023-10-02', '19750124 200701 2 005', ' DEMIYANTI, S.Pd.', '07:59:47', NULL, 'Jam Ke-1', NULL),
('2023-10-02', '12345678 123456 1 019', 'EULIS CICAH ', '08:21:33', NULL, 'Jam Ke-2', NULL),
('2023-10-02', '12345678 123456 1 013', 'NENGSIH YULIANINGSIH, S.I.Pust', '08:24:15', NULL, 'Jam Ke-2', NULL),
('2023-10-05', '19750124 200701 2 005', ' DEMIYANTI, S.Pd.', '08:54:23', '08:55:03', 'Jam Ke-3', 'Jam ke-3'),
('2023-10-05', '19690926 199802 2 001', ' Hj. JUSTIKA PELITASARI, S.Pd.', '08:56:56', NULL, 'Jam Ke-3', NULL),
('2023-10-05', '19850606 201101 2 003', ' SUCI INTAN SARI, M.Pd.', '11:38:21', NULL, 'Jam Ke-7', NULL),
('2023-10-09', '19850606 201101 2 003', ' SUCI INTAN SARI, M.Pd.', '06:42:41', '11:58:05', 'Jam Ke-0', 'Jam Istirahat Ke-2'),
('2023-10-09', '19670608 199702 2 002', ' Dra. AI SUHAETI', '06:44:56', '13:36:40', 'Jam Ke-0', 'Jam ke-9'),
('2023-10-09', '19680715 202221 2 005', ' Dra. EBAH SUAEBAH', '06:45:09', '13:09:44', 'Jam Ke-0', 'Jam ke-8'),
('2023-10-09', '19650209 198412 2 002', ' Hj. INA HERLINA, S.Pd.', '06:45:16', '13:11:05', 'Jam Ke-0', 'Jam ke-9'),
('2023-10-09', '19680728 199403 2 009', ' Hj. YANTI SRI RAHAYU, M.Pd.', '06:45:28', '13:53:26', 'Jam Ke-0', 'Jam ke-10'),
('2023-10-09', '19690926 199802 2 001', ' Hj. JUSTIKA PELITASARI, S.Pd.', '06:46:11', '12:29:50', 'Jam Ke-0', 'Jam Istirahat Ke-2'),
('2023-10-09', '19930512 202321 2 026', ' YESSI AANUR RAYINA, S.Pd.', '06:46:37', '13:42:28', 'Jam Ke-0', 'Jam ke-9'),
('2023-10-09', '19970306 202221 2 014', ' YULYANTI RIZKIA, S.Pd.', '06:46:55', NULL, 'Jam Ke-0', NULL),
('2023-10-09', '19680329 199601 2 001', ' NUNUNG SUKAESIH, S.Pd, M.Pd.', '06:47:04', NULL, 'Jam Ke-0', NULL),
('2023-10-09', '12345678 123456 1 002', ' SUHERMAN, S.Pd', '06:47:21', NULL, 'Jam Ke-0', NULL),
('2023-10-09', '19650214 199503 1 002', ' Drs. SUKARDI, M.Pd.', '06:47:56', '12:54:45', 'Jam Ke-0', 'Jam ke-8'),
('2023-10-09', '19700508 202321 1 001', ' ASEP SAEPULLAH, S.Pd.I.', '06:48:52', '13:08:06', 'Jam Ke-0', 'Jam ke-8'),
('2023-10-09', '19890408 201903 2 002', ' HANIFAH, S.Pd.', '06:48:58', '13:55:36', 'Jam Ke-0', 'Jam ke-10'),
('2023-10-09', '19660110 198903 2 009', ' Hj. ENTIN SUMARTINI, S.Pd.', '06:49:09', '13:45:53', 'Jam Ke-0', 'Jam ke-10'),
('2023-10-09', '19810205 200501 2 011', ' EMA SUKAESIH, M.Pd.', '06:49:13', '12:33:47', 'Jam Ke-0', 'Jam Istirahat Ke-2'),
('2023-10-09', '12345678 123456 1 007', ' AMELISA SARINAYASA, S.Pd', '06:49:24', '13:49:19', 'Jam Ke-0', 'Jam ke-10'),
('2023-10-09', '19640204 199512 2 004', ' Dra. Hj. NENI ROHAYATI, M.Pd.', '06:50:28', '09:16:59', 'Jam Ke-0', 'Jam ke-4'),
('2023-10-09', '19710212 199903 2 003', ' DEDEH KURAESIN, S.Pd.', '06:50:37', '13:51:51', 'Jam Ke-0', 'Jam ke-10'),
('2023-10-09', '19960512 202321 2 011', ' FAUZIAH NUR ACHMAD, S.Pd.', '06:51:50', '12:53:54', 'Jam Ke-0', 'Jam ke-8'),
('2023-10-09', '19750124 200701 2 005', ' DEMIYANTI, S.Pd.', '06:52:24', '13:53:29', 'Jam Ke-0', 'Jam ke-10'),
('2023-10-09', '19660804 199803 1 005', ' Drs. CECEP HASANUDIN', '07:50:58', NULL, 'Jam Ke-1', NULL),
('2023-10-09', '19661007 198903 2 004', ' LILIS HENDRAWATI, M.Pd.', '07:51:39', NULL, 'Jam Ke-1', NULL),
('2023-10-09', '19680327 199203 2 002', ' TARSAH SUMIATI, S.Pd.', '07:51:45', NULL, 'Jam Ke-1', NULL),
('2023-10-09', '19830120 201412 2 002', ' SUSI SOMADI, M.Pd.', '07:51:54', '13:49:29', 'Jam Ke-1', 'Jam ke-10'),
('2023-10-09', '19641124 199403 2 002', ' Dra. YAYAH SYAMSIAH, M.Ag.', '07:52:16', '07:52:36', 'Jam Ke-1', 'Jam ke-1'),
('2023-10-09', '19850830 202221 2 023', ' DINNA DANIATI, S.Pd.', '07:52:39', '13:54:34', 'Jam Ke-1', 'Jam ke-10'),
('2023-10-09', '19650828 199002 1 002', ' ONO SUHARYONO, M.Ag.', '07:53:20', '13:50:55', 'Jam Ke-1', 'Jam ke-10'),
('2023-10-09', '12345678 123456 1 008', ' HARUM SARI, S.Pd', '07:53:27', '13:19:07', 'Jam Ke-1', 'Jam ke-9'),
('2023-10-09', '19770508 202221 2 009', ' RINA SITI PATIMAH, S.Pd.', '07:54:13', '13:42:40', 'Jam Ke-1', 'Jam ke-9'),
('2023-10-09', '19680819 199302 2 002', ' Hj. N. RINI RAHMATIN, S.Pd.', '07:54:34', '12:11:45', 'Jam Ke-1', 'Jam Istirahat Ke-2'),
('2023-10-09', '19700813 199512 2 002', ' Hj. YULIA KARAHMATIKA, M.Pd.', '07:54:44', NULL, 'Jam Ke-1', NULL),
('2023-10-09', '19660215 198903 1 005', ' OCENG RUM KARNODI, M.Pd.', '07:55:09', '08:04:17', 'Jam Ke-1', 'Jam ke-1'),
('2023-10-09', '19670617 198903 2 003', ' EULIS TUTIASIH, S.Pd.', '07:55:24', '13:41:41', 'Jam Ke-1', 'Jam ke-9'),
('2023-10-09', '19800429 202321 2 005', ' HENI HENDRAYANI, S.S.', '07:55:51', '13:36:31', 'Jam Ke-1', 'Jam ke-9'),
('2023-10-09', '12345678 123456 1 004', ' NOVIA AMALLINDA, S.Pd., Gr.', '07:56:02', '13:42:12', 'Jam Ke-1', 'Jam ke-9'),
('2023-10-09', '19641216 198903 2 004', ' Dra. TITIN ROSTIKA', '07:56:05', NULL, 'Jam Ke-1', NULL),
('2023-10-09', '19660508 198903 2 003', ' Hj. AI NURHAYATI,S.Pd., M.Pd.', '07:56:41', NULL, 'Jam Ke-1', NULL),
('2023-10-09', '19800108 201412 1 001', ' INDRA BUDIAJI, M.Pd.', '07:56:48', '17:04:08', 'Jam Ke-1', 'Jam TU'),
('2023-10-09', '19911123 202321 2 026', ' NOVA SILVIA, S.Pd.', '07:57:35', '13:51:10', 'Jam Ke-1', 'Jam ke-10'),
('2023-10-09', '12345678 123456 1 005', ' FATIN FAUZIYYAH TIRAS P. S.Pd.', '07:57:49', '13:47:58', 'Jam Ke-1', 'Jam ke-10'),
('2023-10-09', '19640304 199303 2 003', ' Dra. SRI MULYATI', '07:58:19', '12:48:58', 'Jam Ke-1', 'Jam ke-8'),
('2023-10-09', '19660814 198903 2 010', ' RINA AGUSTINI, M.M.Pd.', '07:59:44', NULL, 'Jam Ke-1', NULL),
('2023-10-09', '19800917 200801 2 012', ' IRA RAHAYUNINGSIH, S.Pd', '08:05:05', '13:51:36', 'Jam Ke-2', 'Jam ke-10'),
('2023-10-09', '19680210 199802 2 002', ' MIMIN TITA MARLIANI, S.Pd.', '08:12:00', '13:49:34', 'Jam Ke-2', 'Jam ke-10'),
('2023-10-09', '19880425 202321 2 011', ' SITI SAADAH, S.Pd.', '09:50:12', '12:11:48', 'Jam Istirahat Ke-1', 'Jam Istirahat Ke-2'),
('2023-10-09', '12345678 123456 1 006', ' IRMA SUCI DESTIA, S.Pd.', '11:57:47', '13:50:41', 'Jam Istirahat Ke-2', 'Jam ke-10'),
('2023-10-09', '19660818 199703 2 002', ' Dra. TINI KARTINI', '12:29:29', '13:31:25', 'Jam Istirahat Ke-2', 'Jam ke-9'),
('2023-10-09', '12345678 123456 1 019', 'EULIS CICAH ', '13:36:43', '13:36:51', 'Jam Ke-9', 'Jam ke-9'),
('2023-10-09', '19740515 199903 2 006', ' MAMAY CUMAETI , S.Pd.', '13:57:54', '13:58:11', 'Jam Ke-10', 'Jam ke-10'),
('2023-10-10', '19800108 201412 1 001', ' INDRA BUDIAJI, M.Pd.', '06:00:17', '15:49:00', 'Jam Ke-0', 'Jam ke-10'),
('2023-10-10', '19660804 199803 1 005', ' Drs. CECEP HASANUDIN', '06:00:32', '13:25:20', 'Jam Ke-0', 'Jam ke-9'),
('2023-10-10', '19650828 199002 1 002', ' ONO SUHARYONO, M.Ag.', '06:12:30', '14:02:51', 'Jam Ke-0', 'Jam ke-10'),
('2023-10-10', '19680728 199403 2 009', ' Hj. YANTI SRI RAHAYU, M.Pd.', '06:18:05', '13:51:27', 'Jam Ke-0', 'Jam ke-10'),
('2023-10-10', '12345678 123456 1 016', 'KOSASIH', '06:20:42', NULL, 'Jam Ke-0', NULL),
('2023-10-10', '19670608 199702 2 002', ' Dra. AI SUHAETI', '06:25:53', '13:41:09', 'Jam Ke-0', 'Jam ke-9'),
('2023-10-10', '19750124 200701 2 005', ' DEMIYANTI, S.Pd.', '06:32:37', '12:02:11', 'Jam Ke-0', 'Jam Istirahat Ke-2'),
('2023-10-10', '19670617 198903 2 003', ' EULIS TUTIASIH, S.Pd.', '06:38:11', '12:26:18', 'Jam Ke-0', 'Jam Istirahat Ke-2'),
('2023-10-10', '19650209 198412 2 002', ' Hj. INA HERLINA, S.Pd.', '06:40:08', '13:44:38', 'Jam Ke-0', 'Jam ke-9'),
('2023-10-10', '19890408 201903 2 002', ' HANIFAH, S.Pd.', '06:44:55', '12:49:00', 'Jam Ke-0', 'Jam ke-8'),
('2023-10-10', '19680715 202221 2 005', ' Dra. EBAH SUAEBAH', '06:45:20', '12:19:18', 'Jam Ke-0', 'Jam Istirahat Ke-2'),
('2023-10-10', '19680329 199601 2 001', ' NUNUNG SUKAESIH, S.Pd, M.Pd.', '06:50:09', '13:58:52', 'Jam Ke-0', 'Jam ke-10'),
('2023-10-10', '19660818 199703 2 002', ' Dra. TINI KARTINI', '06:51:09', '13:50:15', 'Jam Ke-0', 'Jam ke-10'),
('2023-10-10', '19930512 202321 2 026', ' YESSI AANUR RAYINA, S.Pd.', '06:51:35', '13:45:56', 'Jam Ke-0', 'Jam ke-10'),
('2023-10-10', '12345678 123456 1 003', ' TINA GUSTINI, S.Pd.', '06:51:45', '13:52:11', 'Jam Ke-0', 'Jam ke-10'),
('2023-10-10', '19770508 202221 2 009', ' RINA SITI PATIMAH, S.Pd.', '06:54:25', '14:15:52', 'Jam Ke-0', 'Jam ke-10'),
('2023-10-10', '19700813 199512 2 002', ' Hj. YULIA KARAHMATIKA, M.Pd.', '06:55:10', '14:29:13', 'Jam Ke-0', 'Jam ke-10'),
('2023-10-10', '19640204 199512 2 004', ' Dra. Hj. NENI ROHAYATI, M.Pd.', '06:56:40', '13:51:31', 'Jam Ke-0', 'Jam ke-10'),
('2023-10-10', '19850606 201101 2 003', ' SUCI INTAN SARI, M.Pd.', '06:57:37', '12:05:50', 'Jam Ke-0', 'Jam Istirahat Ke-2'),
('2023-10-10', '19740515 199903 2 006', ' MAMAY CUMAETI , S.Pd.', '06:58:17', '13:36:00', 'Jam Ke-0', 'Jam ke-9'),
('2023-10-10', '19830120 201412 2 002', ' SUSI SOMADI, M.Pd.', '06:58:55', '12:12:02', 'Jam Ke-0', 'Jam Istirahat Ke-2'),
('2023-10-10', '19680819 199302 2 002', ' Hj. N. RINI RAHMATIN, S.Pd.', '06:59:44', '12:48:09', 'Jam Ke-0', 'Jam ke-8'),
('2023-10-10', '19970306 202221 2 014', ' YULYANTI RIZKIA, S.Pd.', '06:59:51', '13:10:55', 'Jam Ke-0', 'Jam ke-9'),
('2023-10-10', '19911123 202321 2 026', ' NOVA SILVIA, S.Pd.', '07:03:08', '13:45:45', 'Jam Ke-0', 'Jam ke-10'),
('2023-10-10', '19641124 199403 2 002', ' Dra. YAYAH SYAMSIAH, M.Ag.', '07:03:32', '14:01:54', 'Jam Ke-0', 'Jam ke-10'),
('2023-10-10', '19690926 199802 2 001', ' Hj. JUSTIKA PELITASARI, S.Pd.', '07:05:06', '14:02:16', 'Jam Ke-0', 'Jam ke-10'),
('2023-10-10', '19660508 198903 2 003', ' Hj. AI NURHAYATI,S.Pd., M.Pd.', '07:05:15', '09:22:20', 'Jam Ke-0', 'Jam ke-4'),
('2023-10-10', '19950220 202321 2 025', ' MITTA PRATAMA, M.Pd.', '07:06:59', NULL, 'Jam Ke-0', NULL),
('2023-10-10', '19680327 199203 2 002', ' TARSAH SUMIATI, S.Pd.', '07:09:05', '13:06:54', 'Jam Ke-0', 'Jam ke-8'),
('2023-10-10', '19660110 198903 2 009', ' Hj. ENTIN SUMARTINI, S.Pd.', '09:09:50', '13:45:41', 'Jam Ke-3', 'Jam ke-10'),
('2023-10-10', '19710303 199903 2 007', ' N. YUYUN YUNIARTI, S.Pd.', '09:10:14', '13:46:59', 'Jam Ke-3', 'Jam ke-10'),
('2023-10-10', '19800429 202321 2 005', ' HENI HENDRAYANI, S.S.', '09:13:05', '13:59:42', 'Jam Ke-3', 'Jam ke-10'),
('2023-10-10', '19680210 199802 2 002', ' MIMIN TITA MARLIANI, S.Pd.', '09:23:07', '12:42:25', 'Jam Ke-4', 'Jam ke-8'),
('2023-10-10', '19810205 200501 2 011', ' EMA SUKAESIH, M.Pd.', '09:34:59', '14:06:59', 'Jam Ke-4', 'Jam ke-10'),
('2023-10-10', '19700508 202321 1 001', ' ASEP SAEPULLAH, S.Pd.I.', '12:38:19', NULL, 'Jam Ke-8', NULL),
('2023-10-10', '19640304 199303 2 003', ' Dra. SRI MULYATI', '13:04:06', NULL, 'Jam Ke-8', NULL),
('2023-10-10', '19661007 198903 2 004', ' LILIS HENDRAWATI, M.Pd.', '13:10:10', NULL, 'Jam Ke-9', NULL),
('2023-10-10', '12345678 123456 1 008', ' HARUM SARI, S.Pd', '13:11:29', NULL, 'Jam Ke-9', NULL),
('2023-10-10', '12345678 123456 1 002', ' SUHERMAN, S.Pd', '13:28:04', NULL, 'Jam Ke-9', NULL),
('2023-10-10', '19960512 202321 2 011', ' FAUZIAH NUR ACHMAD, S.Pd.', '13:46:43', NULL, 'Jam Ke-10', NULL),
('2023-10-10', '19880425 202321 2 011', ' SITI SAADAH, S.Pd.', '13:46:54', '13:47:27', 'Jam Ke-10', 'Jam ke-10'),
('2023-10-10', '19800917 200801 2 012', ' IRA RAHAYUNINGSIH, S.Pd', '13:47:57', '13:48:21', 'Jam Ke-10', 'Jam ke-10'),
('2023-10-10', '19710212 199903 2 003', ' DEDEH KURAESIN, S.Pd.', '13:52:03', NULL, 'Jam Ke-10', NULL),
('2023-10-10', '19650214 199503 1 002', ' Drs. SUKARDI, M.Pd.', '13:52:18', NULL, 'Jam Ke-10', NULL),
('2023-10-10', '19850830 202221 2 023', ' DINNA DANIATI, S.Pd.', '13:56:50', NULL, 'Jam Ke-10', NULL),
('2023-10-10', '12345678 123456 1 019', 'EULIS CICAH ', '14:06:21', NULL, 'Jam Ke-10', NULL),
('2023-10-11', '19800108 201412 1 001', ' INDRA BUDIAJI, M.Pd.', '06:01:27', '10:49:21', 'Jam Ke-0', 'Jam ke-6'),
('2023-10-11', '19680728 199403 2 009', ' Hj. YANTI SRI RAHAYU, M.Pd.', '06:01:50', NULL, 'Jam Ke-0', NULL),
('2023-10-11', '19660804 199803 1 005', ' Drs. CECEP HASANUDIN', '06:04:06', NULL, 'Jam Ke-0', NULL),
('2023-10-11', '19650828 199002 1 002', ' ONO SUHARYONO, M.Ag.', '06:12:55', '14:17:19', 'Jam Ke-0', 'Jam ke-10'),
('2023-10-11', '12345678 123456 1 016', 'KOSASIH', '06:22:27', NULL, 'Jam Ke-0', NULL),
('2023-10-11', '19660818 199703 2 002', ' Dra. TINI KARTINI', '06:30:02', '13:34:41', 'Jam Ke-0', 'Jam ke-9'),
('2023-10-11', '19690926 199802 2 001', ' Hj. JUSTIKA PELITASARI, S.Pd.', '06:34:27', '10:19:47', 'Jam Ke-0', 'Jam ke-5'),
('2023-10-11', '19890408 201903 2 002', ' HANIFAH, S.Pd.', '06:37:26', '14:11:55', 'Jam Ke-0', 'Jam ke-10'),
('2023-10-11', '19740515 199903 2 006', ' MAMAY CUMAETI , S.Pd.', '06:39:30', '14:10:32', 'Jam Ke-0', 'Jam ke-10'),
('2023-10-11', '19680715 202221 2 005', ' Dra. EBAH SUAEBAH', '06:39:35', '13:59:23', 'Jam Ke-0', 'Jam ke-10'),
('2023-10-11', '19750124 200701 2 005', ' DEMIYANTI, S.Pd.', '06:40:00', '13:51:08', 'Jam Ke-0', 'Jam ke-10'),
('2023-10-11', '19880425 202321 2 011', ' SITI SAADAH, S.Pd.', '06:40:22', '13:48:14', 'Jam Ke-0', 'Jam ke-10'),
('2023-10-11', '19670608 199702 2 002', ' Dra. AI SUHAETI', '06:40:28', '12:22:00', 'Jam Ke-0', 'Jam Istirahat Ke-2'),
('2023-10-11', '19700813 199512 2 002', ' Hj. YULIA KARAHMATIKA, M.Pd.', '06:44:01', '12:43:48', 'Jam Ke-0', 'Jam ke-8'),
('2023-10-11', '19640204 199512 2 004', ' Dra. Hj. NENI ROHAYATI, M.Pd.', '06:47:24', '12:56:56', 'Jam Ke-0', 'Jam ke-8'),
('2023-10-11', '19680210 199802 2 002', ' MIMIN TITA MARLIANI, S.Pd.', '06:47:44', '13:57:36', 'Jam Ke-0', 'Jam ke-10'),
('2023-10-11', '19710212 199903 2 003', ' DEDEH KURAESIN, S.Pd.', '06:48:00', '13:20:51', 'Jam Ke-0', 'Jam ke-9'),
('2023-10-11', '19850606 201101 2 003', ' SUCI INTAN SARI, M.Pd.', '06:49:21', '12:36:09', 'Jam Ke-0', 'Jam ke-8'),
('2023-10-11', '12345678 123456 1 002', ' SUHERMAN, S.Pd', '06:50:51', '13:22:03', 'Jam Ke-0', 'Jam ke-9'),
('2023-10-11', '19660508 198903 2 003', ' Hj. AI NURHAYATI,S.Pd., M.Pd.', '06:52:39', NULL, 'Jam Ke-0', NULL),
('2023-10-11', '19891116 202321 1 005', ' HERRI SETIAWAN, S.Pd., Gr.', '06:54:03', '13:58:41', 'Jam Ke-0', 'Jam ke-10'),
('2023-10-11', '19650214 199503 1 002', ' Drs. SUKARDI, M.Pd.', '06:54:20', '14:09:36', 'Jam Ke-0', 'Jam ke-10'),
('2023-10-11', '19640304 199303 2 003', ' Dra. SRI MULYATI', '06:56:18', '06:56:25', 'Jam Ke-0', 'Debugging'),
('2023-10-11', '19950220 202321 2 025', ' MITTA PRATAMA, M.Pd.', '06:56:30', '12:42:59', 'Jam Ke-0', 'Jam ke-8'),
('2023-10-11', '12345678 123456 1 019', 'EULIS CICAH ', '06:57:29', '13:59:17', 'Jam Ke-0', 'Jam ke-10'),
('2023-10-11', '12345678 123456 1 018', 'TATI IRMA DAMAYANTI, A.Md', '06:58:41', NULL, 'Jam Ke-0', NULL),
('2023-10-11', '19800917 200801 2 012', ' IRA RAHAYUNINGSIH, S.Pd', '06:59:43', '12:38:31', 'Jam Ke-0', 'Jam ke-8'),
('2023-10-11', '19641124 199403 2 002', ' Dra. YAYAH SYAMSIAH, M.Ag.', '07:01:52', '14:01:52', 'Jam Ke-0', 'Jam ke-10'),
('2023-10-11', '19930512 202321 2 026', ' YESSI AANUR RAYINA, S.Pd.', '07:04:50', '13:51:32', 'Jam Ke-0', 'Jam ke-10'),
('2023-10-11', '12345678 123456 1 003', ' TINA GUSTINI, S.Pd.', '07:05:29', '13:55:31', 'Jam Ke-0', 'Jam ke-10'),
('2023-10-11', '19650209 198412 2 002', ' Hj. INA HERLINA, S.Pd.', '07:05:49', '13:47:00', 'Jam Ke-0', 'Jam ke-10'),
('2023-10-11', '19700508 202321 1 001', ' ASEP SAEPULLAH, S.Pd.I.', '07:05:51', '12:40:36', 'Jam Ke-0', 'Jam ke-8'),
('2023-10-11', '19830120 201412 2 002', ' SUSI SOMADI, M.Pd.', '07:06:33', '13:57:58', 'Jam Ke-0', 'Jam ke-10'),
('2023-10-11', '19680327 199203 2 002', ' TARSAH SUMIATI, S.Pd.', '07:11:45', '12:24:06', 'Jam Ke-0', 'Jam Istirahat Ke-2'),
('2023-10-11', '19810205 200501 2 011', ' EMA SUKAESIH, M.Pd.', '07:19:10', NULL, 'Jam Ke-0', NULL),
('2023-10-11', '19911123 202321 2 026', ' NOVA SILVIA, S.Pd.', '07:24:10', '10:23:12', 'Jam Ke-0', 'Jam ke-5'),
('2023-10-11', '19680819 199302 2 002', ' Hj. N. RINI RAHMATIN, S.Pd.', '07:26:54', '13:35:19', 'Jam Ke-0', 'Jam ke-9'),
('2023-10-11', '19680329 199601 2 001', ' NUNUNG SUKAESIH, S.Pd, M.Pd.', '07:37:31', '14:16:21', 'Jam Ke-1', 'Jam ke-10'),
('2023-10-11', '12345678 123456 1 008', ' HARUM SARI, S.Pd', '07:41:49', '14:00:06', 'Jam Ke-1', 'Jam ke-10'),
('2023-10-11', '19850830 202221 2 023', ' DINNA DANIATI, S.Pd.', '07:44:52', '13:54:47', 'Jam Ke-1', 'Jam ke-10'),
('2023-10-11', '19770508 202221 2 009', ' RINA SITI PATIMAH, S.Pd.', '08:03:06', '13:50:56', 'Jam Ke-1', 'Jam ke-10'),
('2023-10-11', '19640116 198412 2 003', ' RINI RIYANI, S.Pd.', '08:03:45', '13:19:50', 'Jam Ke-1', 'Jam ke-9'),
('2023-10-11', '19660110 198903 2 009', ' Hj. ENTIN SUMARTINI, S.Pd.', '08:09:19', '14:02:20', 'Jam Ke-2', 'Jam ke-10'),
('2023-10-11', '19970306 202221 2 014', ' YULYANTI RIZKIA, S.Pd.', '08:25:55', '13:55:47', 'Jam Ke-2', 'Jam ke-10'),
('2023-10-11', '12345678 123456 1 006', ' IRMA SUCI DESTIA, S.Pd.', '08:45:45', '11:58:39', 'Jam Ke-3', 'Jam Istirahat Ke-2'),
('2023-10-11', '19670617 198903 2 003', ' EULIS TUTIASIH, S.Pd.', '08:54:40', '13:36:23', 'Jam Ke-3', 'Jam ke-9'),
('2023-10-11', '19631118 198703 1 004', 'AYUB', '11:27:09', NULL, 'Jam Ke-7', NULL),
('2023-10-11', '12345678 123456 1 009', 'TATA SUTISNA', '12:13:41', NULL, 'Jam Istirahat Ke-2', NULL),
('2023-10-11', '12345678 123456 1 017', 'OTONG RUSMANA', '12:13:50', NULL, 'Jam Istirahat Ke-2', NULL),
('2023-10-11', '19800429 202321 2 005', ' HENI HENDRAYANI, S.S.', '12:53:02', NULL, 'Jam Ke-8', NULL),
('2023-10-11', '19661007 198903 2 004', ' LILIS HENDRAWATI, M.Pd.', '12:57:24', NULL, 'Jam Ke-8', NULL),
('2023-10-11', '19710303 199903 2 007', ' N. YUYUN YUNIARTI, S.Pd.', '14:16:56', NULL, 'Jam Ke-10', NULL),
('2023-10-12', '19800108 201412 1 001', ' INDRA BUDIAJI, M.Pd.', '06:00:01', NULL, 'Jam Ke-0', NULL),
('2023-10-12', '19660804 199803 1 005', ' Drs. CECEP HASANUDIN', '06:10:09', '13:05:53', 'Jam Ke-0', 'Jam ke-8'),
('2023-10-12', '19650828 199002 1 002', ' ONO SUHARYONO, M.Ag.', '06:11:49', '14:21:01', 'Jam Ke-0', 'Jam ke-10'),
('2023-10-12', '12345678 123456 1 016', 'KOSASIH', '06:22:20', NULL, 'Jam Ke-0', NULL),
('2023-10-12', '19670608 199702 2 002', ' Dra. AI SUHAETI', '06:27:35', '13:43:03', 'Jam Ke-0', 'Jam ke-9'),
('2023-10-12', '19950220 202321 2 025', ' MITTA PRATAMA, M.Pd.', '06:32:07', '12:50:23', 'Jam Ke-0', 'Jam ke-8'),
('2023-10-12', '19930512 202321 2 026', ' YESSI AANUR RAYINA, S.Pd.', '06:32:22', '13:47:15', 'Jam Ke-0', 'Jam ke-10'),
('2023-10-12', '19690926 199802 2 001', ' Hj. JUSTIKA PELITASARI, S.Pd.', '06:35:08', NULL, 'Jam Ke-0', NULL),
('2023-10-12', '19680728 199403 2 009', ' Hj. YANTI SRI RAHAYU, M.Pd.', '06:38:02', '12:23:43', 'Jam Ke-0', 'Jam Istirahat Ke-2'),
('2023-10-12', '19700813 199512 2 002', ' Hj. YULIA KARAHMATIKA, M.Pd.', '06:41:17', '13:57:07', 'Jam Ke-0', 'Jam ke-10'),
('2023-10-12', '19770508 202221 2 009', ' RINA SITI PATIMAH, S.Pd.', '06:42:01', '13:33:32', 'Jam Ke-0', 'Jam ke-9'),
('2023-10-12', '19680329 199601 2 001', ' NUNUNG SUKAESIH, S.Pd, M.Pd.', '06:47:45', '13:06:27', 'Jam Ke-0', 'Jam ke-8'),
('2023-10-12', '19970306 202221 2 014', ' YULYANTI RIZKIA, S.Pd.', '06:49:35', '12:54:17', 'Jam Ke-0', 'Jam ke-8'),
('2023-10-12', '19650209 198412 2 002', ' Hj. INA HERLINA, S.Pd.', '06:51:13', '12:54:21', 'Jam Ke-0', 'Jam ke-8'),
('2023-10-12', '19710212 199903 2 003', ' DEDEH KURAESIN, S.Pd.', '06:51:30', '12:52:15', 'Jam Ke-0', 'Jam ke-8'),
('2023-10-12', '19850606 201101 2 003', ' SUCI INTAN SARI, M.Pd.', '06:52:31', '12:34:46', 'Jam Ke-0', 'Jam Istirahat Ke-2'),
('2023-10-12', '19960512 202321 2 011', ' FAUZIAH NUR ACHMAD, S.Pd.', '06:52:51', NULL, 'Jam Ke-0', NULL),
('2023-10-12', '19800917 200801 2 012', ' IRA RAHAYUNINGSIH, S.Pd', '06:53:06', '13:46:40', 'Jam Ke-0', 'Jam ke-10'),
('2023-10-12', '19660110 198903 2 009', ' Hj. ENTIN SUMARTINI, S.Pd.', '06:53:16', '12:27:19', 'Jam Ke-0', 'Jam Istirahat Ke-2'),
('2023-10-12', '19880425 202321 2 011', ' SITI SAADAH, S.Pd.', '06:55:35', '13:47:19', 'Jam Ke-0', 'Jam ke-10'),
('2023-10-12', '19830120 201412 2 002', ' SUSI SOMADI, M.Pd.', '06:58:36', '12:36:35', 'Jam Ke-0', 'Jam ke-8'),
('2023-10-12', '19680210 199802 2 002', ' MIMIN TITA MARLIANI, S.Pd.', '06:58:39', '13:48:30', 'Jam Ke-0', 'Jam ke-10'),
('2023-10-12', '12345678 123456 1 003', ' TINA GUSTINI, S.Pd.', '07:00:01', '12:36:38', 'Jam Ke-0', 'Jam ke-8'),
('2023-10-12', '19740515 199903 2 006', ' MAMAY CUMAETI , S.Pd.', '07:00:08', '14:06:39', 'Jam Ke-0', 'Jam ke-10'),
('2023-10-12', '19680819 199302 2 002', ' Hj. N. RINI RAHMATIN, S.Pd.', '07:00:27', NULL, 'Jam Ke-0', NULL),
('2023-10-12', '19640204 199512 2 004', ' Dra. Hj. NENI ROHAYATI, M.Pd.', '07:06:35', '12:23:47', 'Jam Ke-0', 'Jam Istirahat Ke-2'),
('2023-10-12', '19660508 198903 2 003', ' Hj. AI NURHAYATI,S.Pd., M.Pd.', '07:06:43', NULL, 'Jam Ke-0', NULL),
('2023-10-12', '19890408 201903 2 002', ' HANIFAH, S.Pd.', '07:06:47', '14:13:53', 'Jam Ke-0', 'Jam ke-10'),
('2023-10-12', '19660818 199703 2 002', ' Dra. TINI KARTINI', '07:06:56', NULL, 'Jam Ke-0', NULL),
('2023-10-12', '12345678 123456 1 002', ' SUHERMAN, S.Pd', '07:07:40', '14:11:05', 'Jam Ke-0', 'Jam ke-10'),
('2023-10-12', '19850830 202221 2 023', ' DINNA DANIATI, S.Pd.', '07:07:46', '16:13:17', 'Jam Ke-0', 'Jam TU'),
('2023-10-12', '19640304 199303 2 003', ' Dra. SRI MULYATI', '07:09:30', '13:07:44', 'Jam Ke-0', 'Jam ke-8'),
('2023-10-12', '19680715 202221 2 005', ' Dra. EBAH SUAEBAH', '07:09:51', '12:54:38', 'Jam Ke-0', 'Jam ke-8'),
('2023-10-12', '12345678 123456 1 019', 'EULIS CICAH ', '07:10:32', '13:48:59', 'Jam Ke-0', 'Jam ke-10'),
('2023-10-12', '19710303 199903 2 007', ' N. YUYUN YUNIARTI, S.Pd.', '07:28:02', NULL, 'Jam Ke-0', NULL),
('2023-10-12', '19680327 199203 2 002', ' TARSAH SUMIATI, S.Pd.', '07:33:14', '13:47:26', 'Jam Ke-1', 'Jam ke-10'),
('2023-10-12', '19661007 198903 2 004', ' LILIS HENDRAWATI, M.Pd.', '07:34:39', NULL, 'Jam Ke-1', NULL),
('2023-10-12', '19640131 198903 1 003', ' HERY KUSMANTORO, S.Pd.', '07:38:58', '10:47:18', 'Jam Ke-1', 'Jam ke-6'),
('2023-10-12', '19670617 198903 2 003', ' EULIS TUTIASIH, S.Pd.', '07:39:25', '13:33:50', 'Jam Ke-1', 'Jam ke-9'),
('2023-10-12', '19750124 200701 2 005', ' DEMIYANTI, S.Pd.', '07:41:52', '13:46:44', 'Jam Ke-1', 'Jam ke-10'),
('2023-10-12', '19800429 202321 2 005', ' HENI HENDRAYANI, S.S.', '07:42:49', NULL, 'Jam Ke-1', NULL),
('2023-10-12', '19650214 199503 1 002', ' Drs. SUKARDI, M.Pd.', '07:47:02', '13:37:21', 'Jam Ke-1', 'Jam ke-9'),
('2023-10-12', '19640116 198412 2 003', ' RINI RIYANI, S.Pd.', '08:18:05', NULL, 'Jam Ke-2', NULL),
('2023-10-12', '19641124 199403 2 002', ' Dra. YAYAH SYAMSIAH, M.Ag.', '08:19:07', '13:59:17', 'Jam Ke-2', 'Jam ke-10'),
('2023-10-12', '19911123 202321 2 026', ' NOVA SILVIA, S.Pd.', '08:31:42', '13:47:12', 'Jam Ke-2', 'Jam ke-10'),
('2023-10-12', '19700508 202321 1 001', ' ASEP SAEPULLAH, S.Pd.I.', '08:34:59', '12:46:10', 'Jam Ke-2', 'Jam ke-8'),
('2023-10-12', '12345678 123456 1 005', ' FATIN FAUZIYYAH TIRAS P. S.Pd.', '08:58:54', '13:46:32', 'Jam Ke-3', 'Jam ke-10'),
('2023-10-12', '19740409 200801 1 006', ' MAMUN NAWAWI, S.Ag., M.Pd.', '13:53:53', '13:53:58', 'Jam Ke-10', 'Jam ke-10'),
('2023-10-13', '19800108 201412 1 001', ' INDRA BUDIAJI, M.Pd.', '06:00:01', NULL, 'Jam Ke-0', NULL),
('2023-10-13', '19660804 199803 1 005', ' Drs. CECEP HASANUDIN', '06:04:28', '11:26:59', 'Jam Ke-0', 'Jam ke-7'),
('2023-10-13', '12345678 123456 1 016', 'KOSASIH', '06:05:06', NULL, 'Jam Ke-0', NULL),
('2023-10-13', '19650828 199002 1 002', ' ONO SUHARYONO, M.Ag.', '06:07:28', NULL, 'Jam Ke-0', NULL),
('2023-10-13', '19640131 198903 1 003', ' HERY KUSMANTORO, S.Pd.', '06:07:34', '10:51:51', 'Jam Ke-0', 'Jam ke-6'),
('2023-10-13', '19670608 199702 2 002', ' Dra. AI SUHAETI', '06:21:14', '12:54:27', 'Jam Ke-0', 'Jam ke-8'),
('2023-10-13', '19660110 198903 2 009', ' Hj. ENTIN SUMARTINI, S.Pd.', '06:25:38', '11:36:02', 'Jam Ke-0', 'Jam ke-7'),
('2023-10-13', '19770508 202221 2 009', ' RINA SITI PATIMAH, S.Pd.', '06:41:16', '11:28:13', 'Jam Ke-0', 'Jam ke-7'),
('2023-10-13', '19680329 199601 2 001', ' NUNUNG SUKAESIH, S.Pd, M.Pd.', '06:43:35', NULL, 'Jam Ke-0', NULL),
('2023-10-13', '19641124 199403 2 002', ' Dra. YAYAH SYAMSIAH, M.Ag.', '06:43:45', '11:21:57', 'Jam Ke-0', 'Jam ke-7'),
('2023-10-13', '12345678 123456 1 002', ' SUHERMAN, S.Pd', '06:44:04', '12:35:48', 'Jam Ke-0', 'Jam ke-8'),
('2023-10-13', '19640304 199303 2 003', ' Dra. SRI MULYATI', '06:44:13', '11:29:52', 'Jam Ke-0', 'Jam ke-7'),
('2023-10-13', '19890408 201903 2 002', ' HANIFAH, S.Pd.', '06:44:40', '12:24:36', 'Jam Ke-0', 'Jam Istirahat Ke-2'),
('2023-10-13', '19710212 199903 2 003', ' DEDEH KURAESIN, S.Pd.', '06:45:54', '11:21:28', 'Jam Ke-0', 'Jam ke-7'),
('2023-10-13', '19660508 198903 2 003', ' Hj. AI NURHAYATI,S.Pd., M.Pd.', '06:46:04', '11:25:36', 'Jam Ke-0', 'Jam ke-7'),
('2023-10-13', '19680715 202221 2 005', ' Dra. EBAH SUAEBAH', '06:47:24', '12:05:04', 'Jam Ke-0', 'Jam Istirahat Ke-2'),
('2023-10-13', '19880425 202321 2 011', ' SITI SAADAH, S.Pd.', '06:48:53', '11:27:44', 'Jam Ke-0', 'Jam ke-7'),
('2023-10-13', '19700508 202321 1 001', ' ASEP SAEPULLAH, S.Pd.I.', '06:49:23', '12:29:44', 'Jam Ke-0', 'Jam Istirahat Ke-2'),
('2023-10-13', '19850606 201101 2 003', ' SUCI INTAN SARI, M.Pd.', '06:49:46', '10:39:02', 'Jam Ke-0', 'Jam ke-5'),
('2023-10-13', '19950220 202321 2 025', ' MITTA PRATAMA, M.Pd.', '06:58:32', '10:34:15', 'Jam Ke-0', 'Jam ke-5'),
('2023-10-13', '19740515 199903 2 006', ' MAMAY CUMAETI , S.Pd.', '07:00:34', '11:20:55', 'Jam Ke-0', 'Jam ke-7'),
('2023-10-13', '19800917 200801 2 012', ' IRA RAHAYUNINGSIH, S.Pd', '07:03:18', '11:31:24', 'Jam Ke-0', 'Jam ke-7'),
('2023-10-13', '19970306 202221 2 014', ' YULYANTI RIZKIA, S.Pd.', '07:04:47', NULL, 'Jam Ke-0', NULL),
('2023-10-13', '19690926 199802 2 001', ' Hj. JUSTIKA PELITASARI, S.Pd.', '07:05:00', '11:30:04', 'Jam Ke-0', 'Jam ke-7'),
('2023-10-13', '12345678 123456 1 019', 'EULIS CICAH ', '07:05:40', '12:07:59', 'Jam Ke-0', 'Jam Istirahat Ke-2'),
('2023-10-13', '19640204 199512 2 004', ' Dra. Hj. NENI ROHAYATI, M.Pd.', '07:08:28', '13:00:35', 'Jam Ke-0', 'Jam ke-8'),
('2023-10-13', '12345678 123456 1 005', ' FATIN FAUZIYYAH TIRAS P. S.Pd.', '07:08:59', '12:38:32', 'Jam Ke-0', 'Jam ke-8'),
('2023-10-13', '19680210 199802 2 002', ' MIMIN TITA MARLIANI, S.Pd.', '07:09:35', '11:21:47', 'Jam Ke-0', 'Jam ke-7'),
('2023-10-13', '19660818 199703 2 002', ' Dra. TINI KARTINI', '07:15:56', NULL, 'Jam Ke-0', NULL),
('2023-10-13', '19930512 202321 2 026', ' YESSI AANUR RAYINA, S.Pd.', '07:19:59', '11:21:10', 'Jam Ke-0', 'Jam ke-7'),
('2023-10-13', '19680327 199203 2 002', ' TARSAH SUMIATI, S.Pd.', '07:22:27', '11:25:17', 'Jam Ke-0', 'Jam ke-7'),
('2023-10-13', '19680728 199403 2 009', ' Hj. YANTI SRI RAHAYU, M.Pd.', '07:23:06', NULL, 'Jam Ke-0', NULL),
('2023-10-13', '19911123 202321 2 026', ' NOVA SILVIA, S.Pd.', '07:27:23', '11:22:11', 'Jam Ke-0', 'Jam ke-7'),
('2023-10-13', '19650214 199503 1 002', ' Drs. SUKARDI, M.Pd.', '07:27:45', NULL, 'Jam Ke-0', NULL),
('2023-10-13', '19960512 202321 2 011', ' FAUZIAH NUR ACHMAD, S.Pd.', '07:28:08', NULL, 'Jam Ke-0', NULL),
('2023-10-13', '19750124 200701 2 005', ' DEMIYANTI, S.Pd.', '07:33:31', '13:00:25', 'Jam Ke-1', 'Jam ke-8'),
('2023-10-13', '19850830 202221 2 023', ' DINNA DANIATI, S.Pd.', '07:33:48', NULL, 'Jam Ke-1', NULL),
('2023-10-13', '19680819 199302 2 002', ' Hj. N. RINI RAHMATIN, S.Pd.', '07:33:57', '12:54:50', 'Jam Ke-1', 'Jam ke-8'),
('2023-10-13', '19700813 199512 2 002', ' Hj. YULIA KARAHMATIKA, M.Pd.', '07:57:13', '11:49:19', 'Jam Ke-1', 'Jam ke-7'),
('2023-10-13', '19800429 202321 2 005', ' HENI HENDRAYANI, S.S.', '08:00:12', '11:28:00', 'Jam Ke-1', 'Jam ke-7'),
('2023-10-13', '19670617 198903 2 003', ' EULIS TUTIASIH, S.Pd.', '08:02:46', '11:28:28', 'Jam Ke-1', 'Jam ke-7'),
('2023-10-13', '19810205 200501 2 011', ' EMA SUKAESIH, M.Pd.', '08:17:14', '13:00:48', 'Jam Ke-2', 'Jam ke-8'),
('2023-10-13', '19640116 198412 2 003', ' RINI RIYANI, S.Pd.', '08:27:42', NULL, 'Jam Ke-2', NULL),
('2023-10-13', '19830120 201412 2 002', ' SUSI SOMADI, M.Pd.', '09:15:01', '11:35:58', 'Jam Ke-4', 'Jam ke-7'),
('2023-10-13', '19661007 198903 2 004', ' LILIS HENDRAWATI, M.Pd.', '10:50:41', NULL, 'Jam Ke-6', NULL),
('2023-10-13', '19740409 200801 1 006', ' MAMUN NAWAWI, S.Ag., M.Pd.', '12:30:53', NULL, 'Jam Istirahat Ke-2', NULL),
('2023-10-13', '19641216 198903 2 004', ' Dra. TITIN ROSTIKA', '12:50:13', NULL, 'Jam Ke-8', NULL),
('2023-10-16', '19800108 201412 1 001', ' INDRA BUDIAJI, M.Pd.', '06:00:04', '16:17:39', 'Jam Ke-0', 'Jam TU'),
('2023-10-16', '19660818 199703 2 002', ' Dra. TINI KARTINI', '06:03:25', '13:54:25', 'Jam Ke-0', 'Jam ke-10'),
('2023-10-16', '12345678 123456 1 016', 'KOSASIH', '06:05:58', NULL, 'Jam Ke-0', NULL),
('2023-10-16', '19880425 202321 2 011', ' SITI SAADAH, S.Pd.', '06:06:56', '11:58:19', 'Jam Ke-0', 'Jam Istirahat Ke-2'),
('2023-10-16', '19650828 199002 1 002', ' ONO SUHARYONO, M.Ag.', '06:07:33', '13:57:14', 'Jam Ke-0', 'Jam ke-10'),
('2023-10-16', '19660814 198903 2 010', ' RINA AGUSTINI, M.M.Pd.', '06:10:32', NULL, 'Jam Ke-0', NULL),
('2023-10-16', '19660804 199803 1 005', ' Drs. CECEP HASANUDIN', '06:11:00', '14:22:01', 'Jam Ke-0', 'Jam ke-10'),
('2023-10-16', '19670608 199702 2 002', ' Dra. AI SUHAETI', '06:19:19', '13:42:22', 'Jam Ke-0', 'Jam ke-9'),
('2023-10-16', '19800917 200801 2 012', ' IRA RAHAYUNINGSIH, S.Pd', '06:22:12', '14:42:30', 'Jam Ke-0', 'Jam ke-10'),
('2023-10-16', '19700508 202321 1 001', ' ASEP SAEPULLAH, S.Pd.I.', '06:26:48', NULL, 'Jam Ke-0', NULL),
('2023-10-16', '19641216 198903 2 004', ' Dra. TITIN ROSTIKA', '06:29:19', '14:23:50', 'Jam Ke-0', 'Jam ke-10'),
('2023-10-16', '19650214 199503 1 002', ' Drs. SUKARDI, M.Pd.', '06:29:34', NULL, 'Jam Ke-0', NULL),
('2023-10-16', '19690926 199802 2 001', ' Hj. JUSTIKA PELITASARI, S.Pd.', '06:31:12', NULL, 'Jam Ke-0', NULL),
('2023-10-16', '12345678 123456 1 004', ' NOVIA AMALLINDA, S.Pd., Gr.', '06:31:28', '12:27:39', 'Jam Ke-0', 'Jam Istirahat Ke-2'),
('2023-10-16', '19640304 199303 2 003', ' Dra. SRI MULYATI', '06:31:59', '13:08:03', 'Jam Ke-0', 'Jam ke-8'),
('2023-10-16', '19740515 199903 2 006', ' MAMAY CUMAETI , S.Pd.', '06:32:02', '13:51:13', 'Jam Ke-0', 'Jam ke-10'),
('2023-10-16', '19770508 202221 2 009', ' RINA SITI PATIMAH, S.Pd.', '06:32:06', '14:22:18', 'Jam Ke-0', 'Jam ke-10'),
('2023-10-16', '19960512 202321 2 011', ' FAUZIAH NUR ACHMAD, S.Pd.', '06:37:34', '11:40:37', 'Jam Ke-0', 'Jam ke-7'),
('2023-10-16', '19700813 199512 2 002', ' Hj. YULIA KARAHMATIKA, M.Pd.', '06:38:03', '14:18:59', 'Jam Ke-0', 'Jam ke-10'),
('2023-10-16', '19891116 202321 1 005', ' HERRI SETIAWAN, S.Pd., Gr.', '06:38:40', '10:54:36', 'Jam Ke-0', 'Jam ke-6'),
('2023-10-16', '19890408 201903 2 002', ' HANIFAH, S.Pd.', '06:39:31', '16:02:23', 'Jam Ke-0', 'Jam TU'),
('2023-10-16', '19680210 199802 2 002', ' MIMIN TITA MARLIANI, S.Pd.', '06:40:58', '13:41:29', 'Jam Ke-0', 'Jam ke-9'),
('2023-10-16', '19650209 198412 2 002', ' Hj. INA HERLINA, S.Pd.', '06:42:47', '12:11:52', 'Jam Ke-0', 'Jam Istirahat Ke-2'),
('2023-10-16', '19641124 199403 2 002', ' Dra. YAYAH SYAMSIAH, M.Ag.', '06:44:54', '13:58:32', 'Jam Ke-0', 'Jam ke-10'),
('2023-10-16', '19710212 199903 2 003', ' DEDEH KURAESIN, S.Pd.', '06:48:02', '13:50:07', 'Jam Ke-0', 'Jam ke-10'),
('2023-10-16', '19970306 202221 2 014', ' YULYANTI RIZKIA, S.Pd.', '06:48:14', NULL, 'Jam Ke-0', NULL),
('2023-10-16', '19640204 199512 2 004', ' Dra. Hj. NENI ROHAYATI, M.Pd.', '06:49:01', '13:42:12', 'Jam Ke-0', 'Jam ke-9'),
('2023-10-16', '19680327 199203 2 002', ' TARSAH SUMIATI, S.Pd.', '06:51:07', '13:48:22', 'Jam Ke-0', 'Jam ke-10'),
('2023-10-16', '19680728 199403 2 009', ' Hj. YANTI SRI RAHAYU, M.Pd.', '06:51:21', '13:41:33', 'Jam Ke-0', 'Jam ke-9'),
('2023-10-16', '19850606 201101 2 003', ' SUCI INTAN SARI, M.Pd.', '06:53:24', '13:17:04', 'Jam Ke-0', 'Jam ke-9'),
('2023-10-16', '12345678 123456 1 002', ' SUHERMAN, S.Pd', '06:55:40', '13:58:00', 'Jam Ke-0', 'Jam ke-10'),
('2023-10-16', '19950220 202321 2 025', ' MITTA PRATAMA, M.Pd.', '06:59:12', '12:28:35', 'Jam Ke-0', 'Jam Istirahat Ke-2'),
('2023-10-16', '19660110 198903 2 009', ' Hj. ENTIN SUMARTINI, S.Pd.', '06:59:44', '13:42:29', 'Jam Ke-0', 'Jam ke-9'),
('2023-10-16', '19670617 198903 2 003', ' EULIS TUTIASIH, S.Pd.', '07:00:15', '13:38:12', 'Jam Ke-0', 'Jam ke-9'),
('2023-10-16', '19810205 200501 2 011', ' EMA SUKAESIH, M.Pd.', '07:00:20', '14:04:58', 'Jam Ke-0', 'Jam ke-10'),
('2023-10-16', '19740409 200801 1 006', ' MAMUN NAWAWI, S.Ag., M.Pd.', '07:01:37', NULL, 'Jam Ke-0', NULL),
('2023-10-16', '12345678 123456 1 019', 'EULIS CICAH ', '07:03:00', NULL, 'Jam Ke-0', NULL),
('2023-10-16', '12345678 123456 1 005', ' FATIN FAUZIYYAH TIRAS P. S.Pd.', '07:06:47', '14:26:44', 'Jam Ke-0', 'Jam ke-10'),
('2023-10-16', '19830120 201412 2 002', ' SUSI SOMADI, M.Pd.', '07:07:14', '13:41:09', 'Jam Ke-0', 'Jam ke-9'),
('2023-10-16', '19850830 202221 2 023', ' DINNA DANIATI, S.Pd.', '07:07:31', '13:00:17', 'Jam Ke-0', 'Jam ke-8'),
('2023-10-16', '19800429 202321 2 005', ' HENI HENDRAYANI, S.S.', '07:08:29', '13:54:46', 'Jam Ke-0', 'Jam ke-10'),
('2023-10-16', '12345678 123456 1 008', ' HARUM SARI, S.Pd', '07:23:18', '14:04:27', 'Jam Ke-0', 'Jam ke-10'),
('2023-10-16', '19911123 202321 2 026', ' NOVA SILVIA, S.Pd.', '07:24:55', '13:53:49', 'Jam Ke-0', 'Jam ke-10'),
('2023-10-16', '19930512 202321 2 026', ' YESSI AANUR RAYINA, S.Pd.', '07:29:53', '14:22:32', 'Jam Ke-0', 'Jam ke-10'),
('2023-10-16', '19661007 198903 2 004', ' LILIS HENDRAWATI, M.Pd.', '07:33:15', NULL, 'Jam Ke-1', NULL),
('2023-10-16', '12345678 123456 1 007', ' AMELISA SARINAYASA, S.Pd', '08:21:37', '14:04:47', 'Jam Ke-2', 'Jam ke-10'),
('2023-10-16', '19750124 200701 2 005', ' DEMIYANTI, S.Pd.', '08:28:32', '13:35:40', 'Jam Ke-2', 'Jam ke-9'),
('2023-10-16', '19680819 199302 2 002', ' Hj. N. RINI RAHMATIN, S.Pd.', '08:39:41', '13:29:11', 'Jam Ke-2', 'Jam ke-9'),
('2023-10-16', '19640116 198412 2 003', ' RINI RIYANI, S.Pd.', '08:50:36', '13:51:50', 'Jam Ke-3', 'Jam ke-10'),
('2023-10-16', '12345678 123456 1 006', ' IRMA SUCI DESTIA, S.Pd.', '11:22:45', '12:53:05', 'Jam Ke-7', 'Jam ke-8'),
('2023-10-17', '19800108 201412 1 001', ' INDRA BUDIAJI, M.Pd.', '06:00:01', NULL, 'Jam Ke-0', NULL),
('2023-10-17', '19880425 202321 2 011', ' SITI SAADAH, S.Pd.', '06:02:12', '12:36:00', 'Jam Ke-0', 'Jam ke-8'),
('2023-10-17', '12345678 123456 1 016', 'KOSASIH', '06:05:38', NULL, 'Jam Ke-0', NULL),
('2023-10-17', '19660804 199803 1 005', ' Drs. CECEP HASANUDIN', '06:05:55', '13:49:28', 'Jam Ke-0', 'Jam ke-10'),
('2023-10-17', '19650828 199002 1 002', ' ONO SUHARYONO, M.Ag.', '06:17:00', '13:55:07', 'Jam Ke-0', 'Jam ke-10'),
('2023-10-17', '19680728 199403 2 009', ' Hj. YANTI SRI RAHAYU, M.Pd.', '06:18:27', '13:38:41', 'Jam Ke-0', 'Jam ke-9'),
('2023-10-17', '19660110 198903 2 009', ' Hj. ENTIN SUMARTINI, S.Pd.', '06:19:27', '13:42:53', 'Jam Ke-0', 'Jam ke-9'),
('2023-10-17', '19670608 199702 2 002', ' Dra. AI SUHAETI', '06:20:50', '13:44:01', 'Jam Ke-0', 'Jam ke-9'),
('2023-10-17', '19680329 199601 2 001', ' NUNUNG SUKAESIH, S.Pd, M.Pd.', '06:38:19', '14:19:38', 'Jam Ke-0', 'Jam ke-10'),
('2023-10-17', '19770508 202221 2 009', ' RINA SITI PATIMAH, S.Pd.', '06:41:56', '12:09:23', 'Jam Ke-0', 'Jam Istirahat Ke-2'),
('2023-10-17', '19970306 202221 2 014', ' YULYANTI RIZKIA, S.Pd.', '06:42:07', '13:50:08', 'Jam Ke-0', 'Jam ke-10'),
('2023-10-17', '19891116 202321 1 005', ' HERRI SETIAWAN, S.Pd., Gr.', '06:42:25', '15:10:38', 'Jam Ke-0', 'Jam ke-10'),
('2023-10-17', '19670617 198903 2 003', ' EULIS TUTIASIH, S.Pd.', '06:43:35', NULL, 'Jam Ke-0', NULL),
('2023-10-17', '19680210 199802 2 002', ' MIMIN TITA MARLIANI, S.Pd.', '06:44:10', '13:52:53', 'Jam Ke-0', 'Jam ke-10'),
('2023-10-17', '19650209 198412 2 002', ' Hj. INA HERLINA, S.Pd.', '06:44:42', '13:51:52', 'Jam Ke-0', 'Jam ke-10'),
('2023-10-17', '19690926 199802 2 001', ' Hj. JUSTIKA PELITASARI, S.Pd.', '06:44:45', '13:54:13', 'Jam Ke-0', 'Jam ke-10'),
('2023-10-17', '19740515 199903 2 006', ' MAMAY CUMAETI , S.Pd.', '06:46:18', '13:33:43', 'Jam Ke-0', 'Jam ke-9'),
('2023-10-17', '19700508 202321 1 001', ' ASEP SAEPULLAH, S.Pd.I.', '06:50:25', '13:41:42', 'Jam Ke-0', 'Jam ke-9'),
('2023-10-17', '19680819 199302 2 002', ' Hj. N. RINI RAHMATIN, S.Pd.', '06:54:07', NULL, 'Jam Ke-0', NULL),
('2023-10-17', '19960512 202321 2 011', ' FAUZIAH NUR ACHMAD, S.Pd.', '06:54:49', '15:37:22', 'Jam Ke-0', 'Jam ke-10'),
('2023-10-17', '19660818 199703 2 002', ' Dra. TINI KARTINI', '06:55:06', '13:42:26', 'Jam Ke-0', 'Jam ke-9'),
('2023-10-17', '19640204 199512 2 004', ' Dra. Hj. NENI ROHAYATI, M.Pd.', '06:56:53', '14:00:29', 'Jam Ke-0', 'Jam ke-10'),
('2023-10-17', '19911123 202321 2 026', ' NOVA SILVIA, S.Pd.', '06:57:33', '12:34:18', 'Jam Ke-0', 'Jam Istirahat Ke-2'),
('2023-10-17', '19680715 202221 2 005', ' Dra. EBAH SUAEBAH', '06:58:40', '13:56:49', 'Jam Ke-0', 'Jam ke-10'),
('2023-10-17', '19830120 201412 2 002', ' SUSI SOMADI, M.Pd.', '07:00:22', '12:07:54', 'Jam Ke-0', 'Jam Istirahat Ke-2'),
('2023-10-17', '19850606 201101 2 003', ' SUCI INTAN SARI, M.Pd.', '07:02:38', NULL, 'Jam Ke-0', NULL),
('2023-10-17', '19640304 199303 2 003', ' Dra. SRI MULYATI', '07:03:39', NULL, 'Jam Ke-0', NULL),
('2023-10-17', '12345678 123456 1 003', ' TINA GUSTINI, S.Pd.', '07:04:33', '13:49:52', 'Jam Ke-0', 'Jam ke-10'),
('2023-10-17', '19700813 199512 2 002', ' Hj. YULIA KARAHMATIKA, M.Pd.', '07:05:31', '14:10:30', 'Jam Ke-0', 'Jam ke-10'),
('2023-10-17', '19810205 200501 2 011', ' EMA SUKAESIH, M.Pd.', '07:10:07', '14:07:01', 'Jam Ke-0', 'Jam ke-10'),
('2023-10-17', '19800917 200801 2 012', ' IRA RAHAYUNINGSIH, S.Pd', '07:10:34', '14:10:39', 'Jam Ke-0', 'Jam ke-10'),
('2023-10-17', '19890408 201903 2 002', ' HANIFAH, S.Pd.', '07:11:58', '14:19:50', 'Jam Ke-0', 'Jam ke-10'),
('2023-10-17', '19950220 202321 2 025', ' MITTA PRATAMA, M.Pd.', '07:12:03', NULL, 'Jam Ke-0', NULL);
INSERT INTO `data_absensi` (`tanggal`, `nip`, `nama`, `jammasuk`, `jamkeluar`, `keteranganmasuk`, `keterangankeluar`) VALUES
('2023-10-17', '12345678 123456 1 002', ' SUHERMAN, S.Pd', '07:12:25', '15:21:49', 'Jam Ke-0', 'Jam ke-10'),
('2023-10-17', '19650214 199503 1 002', ' Drs. SUKARDI, M.Pd.', '07:13:55', '11:19:26', 'Jam Ke-0', 'Jam ke-6'),
('2023-10-17', '12345678 123456 1 008', ' HARUM SARI, S.Pd', '07:18:24', '13:53:30', 'Jam Ke-0', 'Jam ke-10'),
('2023-10-17', '19680327 199203 2 002', ' TARSAH SUMIATI, S.Pd.', '07:27:01', '12:57:34', 'Jam Ke-0', 'Jam ke-8'),
('2023-10-17', '19641124 199403 2 002', ' Dra. YAYAH SYAMSIAH, M.Ag.', '07:28:49', '14:08:00', 'Jam Ke-0', 'Jam ke-10'),
('2023-10-17', '19661007 198903 2 004', ' LILIS HENDRAWATI, M.Pd.', '07:31:04', '13:52:31', 'Jam Ke-1', 'Jam ke-10'),
('2023-10-17', '19640116 198412 2 003', ' RINI RIYANI, S.Pd.', '08:03:28', NULL, 'Jam Ke-1', NULL),
('2023-10-17', '19710303 199903 2 007', ' N. YUYUN YUNIARTI, S.Pd.', '08:03:41', '13:43:50', 'Jam Ke-1', 'Jam ke-9'),
('2023-10-17', '19850830 202221 2 023', ' DINNA DANIATI, S.Pd.', '09:49:51', '14:26:14', 'Jam Ke-4', 'Jam ke-10'),
('2023-10-17', '12345678 123456 1 004', ' NOVIA AMALLINDA, S.Pd., Gr.', '13:44:48', NULL, 'Jam Ke-9', NULL),
('2023-10-17', '19710212 199903 2 003', ' DEDEH KURAESIN, S.Pd.', '13:52:56', NULL, 'Jam Ke-10', NULL),
('2023-10-18', '19800108 201412 1 001', ' INDRA BUDIAJI, M.Pd.', '06:23:51', '15:24:18', 'Jam Ke-0', 'Jam ke-10'),
('2023-10-18', '19880425 202321 2 011', ' SITI SAADAH, S.Pd.', '06:24:17', NULL, 'Jam Ke-0', NULL),
('2023-10-18', '19740515 199903 2 006', ' MAMAY CUMAETI , S.Pd.', '06:44:17', '14:58:13', 'Jam Ke-0', 'Jam ke-10'),
('2023-10-18', '12345678 123456 1 002', ' SUHERMAN, S.Pd', '06:45:02', '15:10:55', 'Jam Ke-0', 'Jam ke-10'),
('2023-10-18', '19700813 199512 2 002', ' Hj. YULIA KARAHMATIKA, M.Pd.', '06:46:40', '15:23:01', 'Jam Ke-0', 'Jam ke-10'),
('2023-10-18', '19650214 199503 1 002', ' Drs. SUKARDI, M.Pd.', '06:52:33', NULL, 'Jam Ke-0', NULL),
('2023-10-18', '19641216 198903 2 004', ' Dra. TITIN ROSTIKA', '06:53:20', '15:24:03', 'Jam Ke-0', 'Jam ke-10'),
('2023-10-18', '19660508 198903 2 003', ' Hj. AI NURHAYATI,S.Pd., M.Pd.', '07:00:21', '15:33:26', 'Jam Ke-0', 'Jam ke-10'),
('2023-10-18', '19680210 199802 2 002', ' MIMIN TITA MARLIANI, S.Pd.', '07:01:05', NULL, 'Jam Ke-0', NULL),
('2023-10-18', '19650209 198412 2 002', ' Hj. INA HERLINA, S.Pd.', '07:01:07', '14:58:54', 'Jam Ke-0', 'Jam ke-10'),
('2023-10-18', '19700508 202321 1 001', ' ASEP SAEPULLAH, S.Pd.I.', '07:09:04', '15:00:13', 'Jam Ke-0', 'Jam ke-10'),
('2023-10-18', '19680715 202221 2 005', ' Dra. EBAH SUAEBAH', '07:13:08', '14:56:17', 'Jam Ke-0', 'Jam ke-10'),
('2023-10-18', '19890408 201903 2 002', ' HANIFAH, S.Pd.', '07:13:15', '15:24:27', 'Jam Ke-0', 'Jam ke-10'),
('2023-10-18', '19640304 199303 2 003', ' Dra. SRI MULYATI', '07:17:21', '14:56:47', 'Jam Ke-0', 'Jam ke-10'),
('2023-10-18', '19680728 199403 2 009', ' Hj. YANTI SRI RAHAYU, M.Pd.', '07:23:18', '14:56:23', 'Jam Ke-0', 'Jam ke-10'),
('2023-10-18', '19641124 199403 2 002', ' Dra. YAYAH SYAMSIAH, M.Ag.', '07:26:16', '14:58:09', 'Jam Ke-0', 'Jam ke-10'),
('2023-10-18', '19800917 200801 2 012', ' IRA RAHAYUNINGSIH, S.Pd', '07:27:07', '15:18:41', 'Jam Ke-0', 'Jam ke-10'),
('2023-10-18', '19891116 202321 1 005', ' HERRI SETIAWAN, S.Pd., Gr.', '07:27:41', '15:10:38', 'Jam Ke-0', 'Jam ke-10'),
('2023-10-18', '19660818 199703 2 002', ' Dra. TINI KARTINI', '07:29:46', '15:09:21', 'Jam Ke-0', 'Jam ke-10'),
('2023-10-18', '19911123 202321 2 026', ' NOVA SILVIA, S.Pd.', '07:30:08', '14:57:26', 'Jam Ke-1', 'Jam ke-10'),
('2023-10-18', '19650828 199002 1 002', ' ONO SUHARYONO, M.Ag.', '07:35:50', NULL, 'Jam Ke-1', NULL),
('2023-10-18', '19670617 198903 2 003', ' EULIS TUTIASIH, S.Pd.', '07:37:17', NULL, 'Jam Ke-1', NULL),
('2023-10-18', '19710303 199903 2 007', ' N. YUYUN YUNIARTI, S.Pd.', '07:38:12', '14:58:44', 'Jam Ke-1', 'Jam ke-10'),
('2023-10-18', '19750124 200701 2 005', ' DEMIYANTI, S.Pd.', '07:38:20', '15:21:18', 'Jam Ke-1', 'Jam ke-10'),
('2023-10-18', '19770508 202221 2 009', ' RINA SITI PATIMAH, S.Pd.', '07:38:33', '14:57:51', 'Jam Ke-1', 'Jam ke-10'),
('2023-10-18', '19710212 199903 2 003', ' DEDEH KURAESIN, S.Pd.', '07:39:19', '07:52:57', 'Jam Ke-1', 'Jam ke-1'),
('2023-10-18', '19970306 202221 2 014', ' YULYANTI RIZKIA, S.Pd.', '07:39:23', '14:59:22', 'Jam Ke-1', 'Jam ke-10'),
('2023-10-18', '19950220 202321 2 025', ' MITTA PRATAMA, M.Pd.', '07:40:47', '14:58:27', 'Jam Ke-1', 'Jam ke-10'),
('2023-10-18', '19680329 199601 2 001', ' NUNUNG SUKAESIH, S.Pd, M.Pd.', '07:41:55', '07:44:08', 'Jam Ke-1', 'Jam ke-1'),
('2023-10-18', '12345678 123456 1 003', ' TINA GUSTINI, S.Pd.', '07:43:02', '14:59:46', 'Jam Ke-1', 'Jam ke-10'),
('2023-10-18', '19680327 199203 2 002', ' TARSAH SUMIATI, S.Pd.', '07:43:51', '14:57:39', 'Jam Ke-1', 'Jam ke-10'),
('2023-10-18', '19810205 200501 2 011', ' EMA SUKAESIH, M.Pd.', '07:46:25', '15:24:30', 'Jam Ke-1', 'Jam ke-10'),
('2023-10-18', '19680819 199302 2 002', ' Hj. N. RINI RAHMATIN, S.Pd.', '07:46:46', '14:56:04', 'Jam Ke-1', 'Jam ke-10'),
('2023-10-18', '19670608 199702 2 002', ' Dra. AI SUHAETI', '07:47:15', '15:22:13', 'Jam Ke-1', 'Jam ke-10'),
('2023-10-18', '19830120 201412 2 002', ' SUSI SOMADI, M.Pd.', '07:47:18', '15:00:03', 'Jam Ke-1', 'Jam ke-10'),
('2023-10-18', '19850830 202221 2 023', ' DINNA DANIATI, S.Pd.', '07:50:45', '15:00:36', 'Jam Ke-1', 'Jam ke-10'),
('2023-10-18', '19960512 202321 2 011', ' FAUZIAH NUR ACHMAD, S.Pd.', '07:55:40', '14:55:40', 'Jam Ke-1', 'Jam ke-10'),
('2023-10-18', '19850606 201101 2 003', ' SUCI INTAN SARI, M.Pd.', '08:06:09', '15:26:53', 'Jam Ke-2', 'Jam ke-10'),
('2023-10-18', '19660110 198903 2 009', ' Hj. ENTIN SUMARTINI, S.Pd.', '08:10:08', '14:54:33', 'Jam Ke-2', 'Jam ke-10'),
('2023-10-18', '12345678 123456 1 008', ' HARUM SARI, S.Pd', '08:14:43', '14:59:52', 'Jam Ke-2', 'Jam ke-10'),
('2023-10-18', '19660804 199803 1 005', ' Drs. CECEP HASANUDIN', '08:15:15', '14:51:14', 'Jam Ke-2', 'Jam ke-10'),
('2023-10-18', '12345678 123456 1 005', ' FATIN FAUZIYYAH TIRAS P. S.Pd.', '08:48:45', '15:00:16', 'Jam Ke-3', 'Jam ke-10'),
('2023-10-18', '19640204 199512 2 004', ' Dra. Hj. NENI ROHAYATI, M.Pd.', '14:56:14', '14:58:04', 'Jam Ke-10', 'Jam ke-10'),
('2023-10-18', '19800429 202321 2 005', ' HENI HENDRAYANI, S.S.', '14:59:10', NULL, 'Jam Ke-10', NULL),
('2023-10-18', '19690926 199802 2 001', ' Hj. JUSTIKA PELITASARI, S.Pd.', '15:24:08', NULL, 'Jam Ke-10', NULL),
('2023-10-19', '19800108 201412 1 001', ' INDRA BUDIAJI, M.Pd.', '06:00:01', '16:43:32', 'Jam Ke-0', 'Jam TU'),
('2023-10-19', '19650828 199002 1 002', ' ONO SUHARYONO, M.Ag.', '06:06:44', NULL, 'Jam Ke-0', NULL),
('2023-10-19', '12345678 123456 1 016', 'KOSASIH', '06:06:48', NULL, 'Jam Ke-0', NULL),
('2023-10-19', '19880425 202321 2 011', ' SITI SAADAH, S.Pd.', '06:07:06', '12:32:33', 'Jam Ke-0', 'Jam Istirahat Ke-2'),
('2023-10-19', '19660804 199803 1 005', ' Drs. CECEP HASANUDIN', '06:07:51', NULL, 'Jam Ke-0', NULL),
('2023-10-19', '19670608 199702 2 002', ' Dra. AI SUHAETI', '06:18:45', '06:19:02', 'Jam Ke-0', 'Debugging'),
('2023-10-19', '19930512 202321 2 026', ' YESSI AANUR RAYINA, S.Pd.', '06:27:56', '13:49:15', 'Jam Ke-0', 'Jam ke-10'),
('2023-10-19', '19770508 202221 2 009', ' RINA SITI PATIMAH, S.Pd.', '06:32:33', '13:49:26', 'Jam Ke-0', 'Jam ke-10'),
('2023-10-19', '19660818 199703 2 002', ' Dra. TINI KARTINI', '06:34:25', '13:45:14', 'Jam Ke-0', 'Jam ke-10'),
('2023-10-19', '19680329 199601 2 001', ' NUNUNG SUKAESIH, S.Pd, M.Pd.', '06:37:13', '13:58:44', 'Jam Ke-0', 'Jam ke-10'),
('2023-10-19', '19650214 199503 1 002', ' Drs. SUKARDI, M.Pd.', '06:38:53', '12:46:11', 'Jam Ke-0', 'Jam ke-8'),
('2023-10-19', '19690926 199802 2 001', ' Hj. JUSTIKA PELITASARI, S.Pd.', '06:45:17', NULL, 'Jam Ke-0', NULL),
('2023-10-19', '19650209 198412 2 002', ' Hj. INA HERLINA, S.Pd.', '06:45:40', NULL, 'Jam Ke-0', NULL),
('2023-10-19', '19800917 200801 2 012', ' IRA RAHAYUNINGSIH, S.Pd', '06:50:22', '12:20:30', 'Jam Ke-0', 'Jam Istirahat Ke-2'),
('2023-10-19', '19970306 202221 2 014', ' YULYANTI RIZKIA, S.Pd.', '06:50:50', '13:50:42', 'Jam Ke-0', 'Jam ke-10'),
('2023-10-19', '19680210 199802 2 002', ' MIMIN TITA MARLIANI, S.Pd.', '06:50:54', '06:54:47', 'Jam Ke-0', 'Debugging'),
('2023-10-19', '12345678 123456 1 019', 'EULIS CICAH ', '06:51:11', '13:59:57', 'Jam Ke-0', 'Jam ke-10'),
('2023-10-19', '19710212 199903 2 003', ' DEDEH KURAESIN, S.Pd.', '06:54:39', '13:50:46', 'Jam Ke-0', 'Jam ke-10'),
('2023-10-19', '19680715 202221 2 005', ' Dra. EBAH SUAEBAH', '06:57:38', '13:47:02', 'Jam Ke-0', 'Jam ke-10'),
('2023-10-19', '19740515 199903 2 006', ' MAMAY CUMAETI , S.Pd.', '07:00:02', '13:41:12', 'Jam Ke-0', 'Jam ke-9'),
('2023-10-19', '19960512 202321 2 011', ' FAUZIAH NUR ACHMAD, S.Pd.', '07:00:44', '13:48:01', 'Jam Ke-0', 'Jam ke-10'),
('2023-10-19', '19680728 199403 2 009', ' Hj. YANTI SRI RAHAYU, M.Pd.', '07:04:15', '12:20:49', 'Jam Ke-0', 'Jam Istirahat Ke-2'),
('2023-10-19', '19680819 199302 2 002', ' Hj. N. RINI RAHMATIN, S.Pd.', '07:04:19', NULL, 'Jam Ke-0', NULL),
('2023-10-19', '19660110 198903 2 009', ' Hj. ENTIN SUMARTINI, S.Pd.', '07:04:47', '13:50:23', 'Jam Ke-0', 'Jam ke-10'),
('2023-10-19', '19850606 201101 2 003', ' SUCI INTAN SARI, M.Pd.', '07:06:49', '12:57:46', 'Jam Ke-0', 'Jam ke-8'),
('2023-10-19', '19891116 202321 1 005', ' HERRI SETIAWAN, S.Pd., Gr.', '07:07:53', '13:14:16', 'Jam Ke-0', 'Jam ke-9'),
('2023-10-19', '12345678 123456 1 003', ' TINA GUSTINI, S.Pd.', '07:07:57', '13:05:50', 'Jam Ke-0', 'Jam ke-8'),
('2023-10-19', '19890408 201903 2 002', ' HANIFAH, S.Pd.', '07:08:09', '14:03:50', 'Jam Ke-0', 'Jam ke-10'),
('2023-10-19', '19640204 199512 2 004', ' Dra. Hj. NENI ROHAYATI, M.Pd.', '07:08:35', '12:44:59', 'Jam Ke-0', 'Jam ke-8'),
('2023-10-19', '19661007 198903 2 004', ' LILIS HENDRAWATI, M.Pd.', '07:09:17', NULL, 'Jam Ke-0', NULL),
('2023-10-19', '19830120 201412 2 002', ' SUSI SOMADI, M.Pd.', '07:09:34', '13:05:34', 'Jam Ke-0', 'Jam ke-8'),
('2023-10-19', '19660508 198903 2 003', ' Hj. AI NURHAYATI,S.Pd., M.Pd.', '07:09:55', NULL, 'Jam Ke-0', NULL),
('2023-10-19', '19810205 200501 2 011', ' EMA SUKAESIH, M.Pd.', '07:17:42', NULL, 'Jam Ke-0', NULL),
('2023-10-19', '19700813 199512 2 002', ' Hj. YULIA KARAHMATIKA, M.Pd.', '07:17:48', '14:01:47', 'Jam Ke-0', 'Jam ke-10'),
('2023-10-19', '19640304 199303 2 003', ' Dra. SRI MULYATI', '07:23:52', '13:14:24', 'Jam Ke-0', 'Jam ke-9'),
('2023-10-19', '19800429 202321 2 005', ' HENI HENDRAYANI, S.S.', '07:26:00', '13:53:44', 'Jam Ke-0', 'Jam ke-10'),
('2023-10-19', '19680327 199203 2 002', ' TARSAH SUMIATI, S.Pd.', '07:46:38', '14:03:32', 'Jam Ke-1', 'Jam ke-10'),
('2023-10-19', '19670617 198903 2 003', ' EULIS TUTIASIH, S.Pd.', '07:48:40', '13:42:00', 'Jam Ke-1', 'Jam ke-9'),
('2023-10-19', '19850830 202221 2 023', ' DINNA DANIATI, S.Pd.', '07:48:43', '13:58:26', 'Jam Ke-1', 'Jam ke-10'),
('2023-10-19', '12345678 123456 1 002', ' SUHERMAN, S.Pd', '07:49:19', '14:39:26', 'Jam Ke-1', 'Jam ke-10'),
('2023-10-19', '19641216 198903 2 004', ' Dra. TITIN ROSTIKA', '07:58:22', '13:45:10', 'Jam Ke-1', 'Jam ke-10'),
('2023-10-19', '19700508 202321 1 001', ' ASEP SAEPULLAH, S.Pd.I.', '08:10:57', '13:48:49', 'Jam Ke-2', 'Jam ke-10'),
('2023-10-19', '19640116 198412 2 003', ' RINI RIYANI, S.Pd.', '08:11:32', '13:49:24', 'Jam Ke-2', 'Jam ke-10'),
('2023-10-19', '19750124 200701 2 005', ' DEMIYANTI, S.Pd.', '08:22:57', '13:11:40', 'Jam Ke-2', 'Jam ke-9'),
('2023-10-19', '19911123 202321 2 026', ' NOVA SILVIA, S.Pd.', '08:24:04', '12:16:15', 'Jam Ke-2', 'Jam Istirahat Ke-2'),
('2023-10-19', '19950220 202321 2 025', ' MITTA PRATAMA, M.Pd.', '08:50:44', '12:46:24', 'Jam Ke-3', 'Jam ke-8'),
('2023-10-19', '19660215 198903 1 005', ' OCENG RUM KARNODI, M.Pd.', '14:03:23', NULL, 'Jam Ke-10', NULL),
('2023-10-20', '19800108 201412 1 001', ' INDRA BUDIAJI, M.Pd.', '06:00:02', '14:20:41', 'Jam Ke-0', 'Jam ke-10'),
('2023-10-20', '19660804 199803 1 005', ' Drs. CECEP HASANUDIN', '06:00:10', NULL, 'Jam Ke-0', NULL),
('2023-10-20', '19660814 198903 2 010', ' RINA AGUSTINI, M.M.Pd.', '06:02:26', NULL, 'Jam Ke-0', NULL),
('2023-10-20', '19650828 199002 1 002', ' ONO SUHARYONO, M.Ag.', '06:05:41', '12:25:54', 'Jam Ke-0', 'Jam Istirahat Ke-2'),
('2023-10-20', '12345678 123456 1 016', 'KOSASIH', '06:07:23', NULL, 'Jam Ke-0', NULL),
('2023-10-20', '12345678 123456 1 002', ' SUHERMAN, S.Pd', '06:13:30', '14:07:21', 'Jam Ke-0', 'Jam ke-10'),
('2023-10-20', '19670608 199702 2 002', ' Dra. AI SUHAETI', '06:28:52', '11:39:35', 'Jam Ke-0', 'Jam ke-7'),
('2023-10-20', '19640304 199303 2 003', ' Dra. SRI MULYATI', '06:32:59', '11:09:37', 'Jam Ke-0', 'Jam ke-6'),
('2023-10-20', '19680329 199601 2 001', ' NUNUNG SUKAESIH, S.Pd, M.Pd.', '06:34:12', NULL, 'Jam Ke-0', NULL),
('2023-10-20', '19650209 198412 2 002', ' Hj. INA HERLINA, S.Pd.', '06:35:29', '11:25:38', 'Jam Ke-0', 'Jam ke-7'),
('2023-10-20', '19770508 202221 2 009', ' RINA SITI PATIMAH, S.Pd.', '06:43:38', '10:56:30', 'Jam Ke-0', 'Jam ke-6'),
('2023-10-20', '19660110 198903 2 009', ' Hj. ENTIN SUMARTINI, S.Pd.', '06:43:45', '11:39:55', 'Jam Ke-0', 'Jam ke-7'),
('2023-10-20', '19850830 202221 2 023', ' DINNA DANIATI, S.Pd.', '06:44:24', '13:00:59', 'Jam Ke-0', 'Jam ke-8'),
('2023-10-20', '19930512 202321 2 026', ' YESSI AANUR RAYINA, S.Pd.', '06:44:40', '10:42:35', 'Jam Ke-0', 'Jam ke-5'),
('2023-10-20', '19710212 199903 2 003', ' DEDEH KURAESIN, S.Pd.', '06:44:43', '12:44:28', 'Jam Ke-0', 'Jam ke-8'),
('2023-10-20', '19640116 198412 2 003', ' RINI RIYANI, S.Pd.', '06:44:46', '10:56:36', 'Jam Ke-0', 'Jam ke-6'),
('2023-10-20', '19660818 199703 2 002', ' Dra. TINI KARTINI', '06:49:50', '12:06:37', 'Jam Ke-0', 'Jam Istirahat Ke-2'),
('2023-10-20', '19641124 199403 2 002', ' Dra. YAYAH SYAMSIAH, M.Ag.', '06:50:52', '11:58:58', 'Jam Ke-0', 'Jam Istirahat Ke-2'),
('2023-10-20', '19660508 198903 2 003', ' Hj. AI NURHAYATI,S.Pd., M.Pd.', '06:51:05', NULL, 'Jam Ke-0', NULL),
('2023-10-20', '19850606 201101 2 003', ' SUCI INTAN SARI, M.Pd.', '06:51:37', '11:32:52', 'Jam Ke-0', 'Jam ke-7'),
('2023-10-20', '19950220 202321 2 025', ' MITTA PRATAMA, M.Pd.', '06:53:53', '11:24:21', 'Jam Ke-0', 'Jam ke-7'),
('2023-10-20', '19680715 202221 2 005', ' Dra. EBAH SUAEBAH', '06:54:59', '11:35:21', 'Jam Ke-0', 'Jam ke-7'),
('2023-10-20', '19750124 200701 2 005', ' DEMIYANTI, S.Pd.', '06:55:12', '12:42:35', 'Jam Ke-0', 'Jam ke-8'),
('2023-10-20', '19690926 199802 2 001', ' Hj. JUSTIKA PELITASARI, S.Pd.', '06:55:20', NULL, 'Jam Ke-0', NULL),
('2023-10-20', '19740515 199903 2 006', ' MAMAY CUMAETI , S.Pd.', '06:57:47', '12:07:39', 'Jam Ke-0', 'Jam Istirahat Ke-2'),
('2023-10-20', '19800917 200801 2 012', ' IRA RAHAYUNINGSIH, S.Pd', '06:57:56', '12:42:46', 'Jam Ke-0', 'Jam ke-8'),
('2023-10-20', '19680210 199802 2 002', ' MIMIN TITA MARLIANI, S.Pd.', '06:58:17', NULL, 'Jam Ke-0', NULL),
('2023-10-20', '19970306 202221 2 014', ' YULYANTI RIZKIA, S.Pd.', '06:58:35', '12:44:06', 'Jam Ke-0', 'Jam ke-8'),
('2023-10-20', '12345678 123456 1 019', 'EULIS CICAH ', '07:00:56', NULL, 'Jam Ke-0', NULL),
('2023-10-20', '19911123 202321 2 026', ' NOVA SILVIA, S.Pd.', '07:10:24', '10:56:27', 'Jam Ke-0', 'Jam ke-6'),
('2023-10-20', '19891116 202321 1 005', ' HERRI SETIAWAN, S.Pd., Gr.', '07:13:42', '11:05:48', 'Jam Ke-0', 'Jam ke-6'),
('2023-10-20', '19640204 199512 2 004', ' Dra. Hj. NENI ROHAYATI, M.Pd.', '07:14:34', '12:42:55', 'Jam Ke-0', 'Jam ke-8'),
('2023-10-20', '19960512 202321 2 011', ' FAUZIAH NUR ACHMAD, S.Pd.', '07:16:09', '09:53:44', 'Jam Ke-0', 'Jam Istirahat Ke-1'),
('2023-10-20', '19700508 202321 1 001', ' ASEP SAEPULLAH, S.Pd.I.', '07:19:46', '13:02:40', 'Jam Ke-0', 'Jam ke-8'),
('2023-10-20', '19661007 198903 2 004', ' LILIS HENDRAWATI, M.Pd.', '07:21:54', NULL, 'Jam Ke-0', NULL),
('2023-10-20', '19810205 200501 2 011', ' EMA SUKAESIH, M.Pd.', '07:24:23', '11:21:58', 'Jam Ke-0', 'Jam ke-7'),
('2023-10-20', '19650214 199503 1 002', ' Drs. SUKARDI, M.Pd.', '07:44:03', NULL, 'Jam Ke-1', NULL),
('2023-10-20', '12345678 123456 1 003', ' TINA GUSTINI, S.Pd.', '07:47:10', '12:27:46', 'Jam Ke-1', 'Jam Istirahat Ke-2'),
('2023-10-20', '19700813 199512 2 002', ' Hj. YULIA KARAHMATIKA, M.Pd.', '07:53:14', '11:22:35', 'Jam Ke-1', 'Jam ke-7'),
('2023-10-20', '19880425 202321 2 011', ' SITI SAADAH, S.Pd.', '08:10:59', '11:25:17', 'Jam Ke-2', 'Jam ke-7'),
('2023-10-20', '19680327 199203 2 002', ' TARSAH SUMIATI, S.Pd.', '08:12:27', NULL, 'Jam Ke-2', NULL),
('2023-10-20', '19680728 199403 2 009', ' Hj. YANTI SRI RAHAYU, M.Pd.', '08:28:11', '11:09:03', 'Jam Ke-2', 'Jam ke-6'),
('2023-10-20', '19890408 201903 2 002', ' HANIFAH, S.Pd.', '08:35:20', NULL, 'Jam Ke-2', NULL),
('2023-10-20', '19670617 198903 2 003', ' EULIS TUTIASIH, S.Pd.', '08:45:35', '11:19:12', 'Jam Ke-3', 'Jam ke-6'),
('2023-10-20', '19710303 199903 2 007', ' N. YUYUN YUNIARTI, S.Pd.', '11:22:13', NULL, 'Jam Ke-7', NULL),
('2023-10-20', '19641216 198903 2 004', ' Dra. TITIN ROSTIKA', '14:07:14', NULL, 'Jam Ke-10', NULL),
('2023-10-23', '19800108 201412 1 001', ' INDRA BUDIAJI, M.Pd.', '06:00:05', '15:59:51', 'Jam Ke-0', 'Jam ke-10'),
('2023-10-23', '19880425 202321 2 011', ' SITI SAADAH, S.Pd.', '06:00:15', '12:40:43', 'Jam Ke-0', 'Jam ke-8'),
('2023-10-23', '19660814 198903 2 010', ' RINA AGUSTINI, M.M.Pd.', '06:00:18', NULL, 'Jam Ke-0', NULL),
('2023-10-23', '12345678 123456 1 002', ' SUHERMAN, S.Pd', '06:01:24', '15:05:54', 'Jam Ke-0', 'Jam ke-10'),
('2023-10-23', '19650828 199002 1 002', ' ONO SUHARYONO, M.Ag.', '06:02:57', '14:12:58', 'Jam Ke-0', 'Jam ke-10'),
('2023-10-23', '12345678 123456 1 016', 'KOSASIH', '06:08:27', NULL, 'Jam Ke-0', NULL),
('2023-10-23', '19660804 199803 1 005', ' Drs. CECEP HASANUDIN', '06:12:23', '14:00:20', 'Jam Ke-0', 'Jam ke-10'),
('2023-10-23', '19800917 200801 2 012', ' IRA RAHAYUNINGSIH, S.Pd', '06:16:57', '12:08:26', 'Jam Ke-0', 'Jam Istirahat Ke-2'),
('2023-10-23', '19680329 199601 2 001', ' NUNUNG SUKAESIH, S.Pd, M.Pd.', '06:18:00', '13:13:05', 'Jam Ke-0', 'Jam ke-9'),
('2023-10-23', '19670608 199702 2 002', ' Dra. AI SUHAETI', '06:21:59', '14:00:40', 'Jam Ke-0', 'Jam ke-10'),
('2023-10-23', '19740515 199903 2 006', ' MAMAY CUMAETI , S.Pd.', '06:23:06', '13:52:06', 'Jam Ke-0', 'Jam ke-10'),
('2023-10-23', '19710303 199903 2 007', ' N. YUYUN YUNIARTI, S.Pd.', '06:23:33', '14:07:19', 'Jam Ke-0', 'Jam ke-10'),
('2023-10-23', '19680728 199403 2 009', ' Hj. YANTI SRI RAHAYU, M.Pd.', '06:23:42', '13:55:08', 'Jam Ke-0', 'Jam ke-10'),
('2023-10-23', '19650214 199503 1 002', ' Drs. SUKARDI, M.Pd.', '06:24:16', '14:30:00', 'Jam Ke-0', 'Jam ke-10'),
('2023-10-23', '19660508 198903 2 003', ' Hj. AI NURHAYATI,S.Pd., M.Pd.', '06:25:22', NULL, 'Jam Ke-0', NULL),
('2023-10-23', '19680819 199302 2 002', ' Hj. N. RINI RAHMATIN, S.Pd.', '06:25:37', NULL, 'Jam Ke-0', NULL),
('2023-10-23', '12345678 123456 1 004', ' NOVIA AMALLINDA, S.Pd., Gr.', '06:26:25', NULL, 'Jam Ke-0', NULL),
('2023-10-23', '19890408 201903 2 002', ' HANIFAH, S.Pd.', '06:33:38', '14:24:51', 'Jam Ke-0', 'Jam ke-10'),
('2023-10-23', '19650209 198412 2 002', ' Hj. INA HERLINA, S.Pd.', '06:35:44', NULL, 'Jam Ke-0', NULL),
('2023-10-23', '19660818 199703 2 002', ' Dra. TINI KARTINI', '06:37:03', '13:15:50', 'Jam Ke-0', 'Jam ke-9'),
('2023-10-23', '19770508 202221 2 009', ' RINA SITI PATIMAH, S.Pd.', '06:38:14', '14:13:01', 'Jam Ke-0', 'Jam ke-10'),
('2023-10-23', '19670617 198903 2 003', ' EULIS TUTIASIH, S.Pd.', '06:38:40', '13:45:12', 'Jam Ke-0', 'Jam ke-10'),
('2023-10-23', '19700813 199512 2 002', ' Hj. YULIA KARAHMATIKA, M.Pd.', '06:40:13', '13:12:50', 'Jam Ke-0', 'Jam ke-9'),
('2023-10-23', '19911123 202321 2 026', ' NOVA SILVIA, S.Pd.', '06:41:10', '13:56:04', 'Jam Ke-0', 'Jam ke-10'),
('2023-10-23', '19930512 202321 2 026', ' YESSI AANUR RAYINA, S.Pd.', '06:41:25', '14:23:33', 'Jam Ke-0', 'Jam ke-10'),
('2023-10-23', '19690926 199802 2 001', ' Hj. JUSTIKA PELITASARI, S.Pd.', '06:41:48', '12:22:46', 'Jam Ke-0', 'Jam Istirahat Ke-2'),
('2023-10-23', '19960512 202321 2 011', ' FAUZIAH NUR ACHMAD, S.Pd.', '06:44:26', NULL, 'Jam Ke-0', NULL),
('2023-10-23', '19970306 202221 2 014', ' YULYANTI RIZKIA, S.Pd.', '06:45:01', '14:46:08', 'Jam Ke-0', 'Jam ke-10'),
('2023-10-23', '19640204 199512 2 004', ' Dra. Hj. NENI ROHAYATI, M.Pd.', '06:46:37', '11:22:49', 'Jam Ke-0', 'Jam ke-7'),
('2023-10-23', '19891116 202321 1 005', ' HERRI SETIAWAN, S.Pd., Gr.', '06:46:52', '13:43:04', 'Jam Ke-0', 'Jam ke-9'),
('2023-10-23', '19680715 202221 2 005', ' Dra. EBAH SUAEBAH', '06:46:57', '12:12:35', 'Jam Ke-0', 'Jam Istirahat Ke-2'),
('2023-10-23', '12345678 123456 1 019', 'EULIS CICAH ', '06:48:23', '14:01:37', 'Jam Ke-0', 'Jam ke-10'),
('2023-10-23', '19850606 201101 2 003', ' SUCI INTAN SARI, M.Pd.', '06:48:29', '13:18:54', 'Jam Ke-0', 'Jam ke-9'),
('2023-10-23', '19641216 198903 2 004', ' Dra. TITIN ROSTIKA', '06:51:38', '14:34:38', 'Jam Ke-0', 'Jam ke-10'),
('2023-10-23', '19680210 199802 2 002', ' MIMIN TITA MARLIANI, S.Pd.', '06:52:08', '13:57:11', 'Jam Ke-0', 'Jam ke-10'),
('2023-10-23', '19830120 201412 2 002', ' SUSI SOMADI, M.Pd.', '06:52:12', '13:57:07', 'Jam Ke-0', 'Jam ke-10'),
('2023-10-23', '19850830 202221 2 023', ' DINNA DANIATI, S.Pd.', '06:54:27', '12:23:15', 'Jam Ke-0', 'Jam Istirahat Ke-2'),
('2023-10-23', '19750124 200701 2 005', ' DEMIYANTI, S.Pd.', '06:55:06', '14:27:36', 'Jam Ke-0', 'Jam ke-10'),
('2023-10-23', '19640304 199303 2 003', ' Dra. SRI MULYATI', '06:58:16', NULL, 'Jam Ke-0', NULL),
('2023-10-23', '19810205 200501 2 011', ' EMA SUKAESIH, M.Pd.', '07:02:10', '09:18:46', 'Jam Ke-0', 'Jam ke-4'),
('2023-10-23', '19950220 202321 2 025', ' MITTA PRATAMA, M.Pd.', '07:02:18', '15:05:19', 'Jam Ke-0', 'Jam ke-10'),
('2023-10-23', '12345678 123456 1 005', ' FATIN FAUZIYYAH TIRAS P. S.Pd.', '07:03:13', '14:27:20', 'Jam Ke-0', 'Jam ke-10'),
('2023-10-23', '19700508 202321 1 001', ' ASEP SAEPULLAH, S.Pd.I.', '07:08:34', '14:06:04', 'Jam Ke-0', 'Jam ke-10'),
('2023-10-23', '19660110 198903 2 009', ' Hj. ENTIN SUMARTINI, S.Pd.', '07:13:14', '13:56:54', 'Jam Ke-0', 'Jam ke-10'),
('2023-10-23', '19641124 199403 2 002', ' Dra. YAYAH SYAMSIAH, M.Ag.', '07:14:33', NULL, 'Jam Ke-0', NULL),
('2023-10-23', '19680327 199203 2 002', ' TARSAH SUMIATI, S.Pd.', '07:20:52', '12:43:46', 'Jam Ke-0', 'Jam ke-8'),
('2023-10-23', '12345678 123456 1 006', ' IRMA SUCI DESTIA, S.Pd.', '07:24:45', '13:42:11', 'Jam Ke-0', 'Jam ke-9'),
('2023-10-23', '19661007 198903 2 004', ' LILIS HENDRAWATI, M.Pd.', '07:32:19', '12:40:39', 'Jam Ke-1', 'Jam ke-8'),
('2023-10-23', '12345678 123456 1 007', ' AMELISA SARINAYASA, S.Pd', '07:47:47', '14:19:12', 'Jam Ke-1', 'Jam ke-10'),
('2023-10-23', '12345678 123456 1 008', ' HARUM SARI, S.Pd', '07:51:25', '14:19:35', 'Jam Ke-1', 'Jam ke-10'),
('2023-10-23', '19710212 199903 2 003', ' DEDEH KURAESIN, S.Pd.', '09:04:17', '13:53:07', 'Jam Ke-3', 'Jam ke-10'),
('2023-10-23', '19800429 202321 2 005', ' HENI HENDRAYANI, S.S.', '13:48:49', NULL, 'Jam Ke-10', NULL),
('2023-10-23', '12345678 123456 1 015', 'KAHRI SUPRIADI', '14:38:43', '14:38:56', 'Jam Ke-10', 'Jam ke-10'),
('2023-10-24', '19800108 201412 1 001', ' INDRA BUDIAJI, M.Pd.', '06:00:02', NULL, 'Jam Ke-0', NULL),
('2023-10-24', '19880425 202321 2 011', ' SITI SAADAH, S.Pd.', '06:00:44', '13:47:30', 'Jam Ke-0', 'Jam ke-10'),
('2023-10-24', '12345678 123456 1 002', ' SUHERMAN, S.Pd', '06:01:21', '15:17:32', 'Jam Ke-0', 'Jam ke-10'),
('2023-10-24', '19660804 199803 1 005', ' Drs. CECEP HASANUDIN', '06:04:56', NULL, 'Jam Ke-0', NULL),
('2023-10-24', '19660814 198903 2 010', ' RINA AGUSTINI, M.M.Pd.', '06:10:57', '13:47:25', 'Jam Ke-0', 'Jam ke-10'),
('2023-10-24', '19650828 199002 1 002', ' ONO SUHARYONO, M.Ag.', '06:15:31', '14:12:31', 'Jam Ke-0', 'Jam ke-10'),
('2023-10-24', '19670608 199702 2 002', ' Dra. AI SUHAETI', '06:24:16', NULL, 'Jam Ke-0', NULL),
('2023-10-24', '19960512 202321 2 011', ' FAUZIAH NUR ACHMAD, S.Pd.', '06:29:12', '13:54:15', 'Jam Ke-0', 'Jam ke-10'),
('2023-10-24', '19770508 202221 2 009', ' RINA SITI PATIMAH, S.Pd.', '06:34:18', '13:50:59', 'Jam Ke-0', 'Jam ke-10'),
('2023-10-24', '19710212 199903 2 003', ' DEDEH KURAESIN, S.Pd.', '06:35:10', '13:51:09', 'Jam Ke-0', 'Jam ke-10'),
('2023-10-24', '19930512 202321 2 026', ' YESSI AANUR RAYINA, S.Pd.', '06:35:13', '13:51:28', 'Jam Ke-0', 'Jam ke-10'),
('2023-10-24', '19700508 202321 1 001', ' ASEP SAEPULLAH, S.Pd.I.', '06:46:44', '12:59:34', 'Jam Ke-0', 'Jam ke-8'),
('2023-10-24', '19670617 198903 2 003', ' EULIS TUTIASIH, S.Pd.', '06:47:31', '13:18:55', 'Jam Ke-0', 'Jam ke-9'),
('2023-10-24', '19740515 199903 2 006', ' MAMAY CUMAETI , S.Pd.', '06:48:06', '13:36:54', 'Jam Ke-0', 'Jam ke-9'),
('2023-10-24', '19660508 198903 2 003', ' Hj. AI NURHAYATI,S.Pd., M.Pd.', '06:50:15', '14:11:20', 'Jam Ke-0', 'Jam ke-10'),
('2023-10-24', '19680715 202221 2 005', ' Dra. EBAH SUAEBAH', '06:53:39', '14:08:17', 'Jam Ke-0', 'Jam ke-10'),
('2023-10-24', '19640204 199512 2 004', ' Dra. Hj. NENI ROHAYATI, M.Pd.', '06:53:46', '14:16:35', 'Jam Ke-0', 'Jam ke-10'),
('2023-10-24', '19640304 199303 2 003', ' Dra. SRI MULYATI', '06:53:53', '12:44:28', 'Jam Ke-0', 'Jam ke-8'),
('2023-10-24', '19970306 202221 2 014', ' YULYANTI RIZKIA, S.Pd.', '06:53:56', '14:19:02', 'Jam Ke-0', 'Jam ke-10'),
('2023-10-24', '19650209 198412 2 002', ' Hj. INA HERLINA, S.Pd.', '06:54:01', NULL, 'Jam Ke-0', NULL),
('2023-10-24', '19660818 199703 2 002', ' Dra. TINI KARTINI', '06:55:11', NULL, 'Jam Ke-0', NULL),
('2023-10-24', '12345678 123456 1 019', 'EULIS CICAH ', '06:56:39', '13:55:30', 'Jam Ke-0', 'Jam ke-10'),
('2023-10-24', '19690926 199802 2 001', ' Hj. JUSTIKA PELITASARI, S.Pd.', '06:57:12', '14:11:17', 'Jam Ke-0', 'Jam ke-10'),
('2023-10-24', '19680329 199601 2 001', ' NUNUNG SUKAESIH, S.Pd, M.Pd.', '06:59:37', '13:47:50', 'Jam Ke-0', 'Jam ke-10'),
('2023-10-24', '19911123 202321 2 026', ' NOVA SILVIA, S.Pd.', '07:01:05', '13:51:22', 'Jam Ke-0', 'Jam ke-10'),
('2023-10-24', '19680210 199802 2 002', ' MIMIN TITA MARLIANI, S.Pd.', '07:02:51', '12:35:18', 'Jam Ke-0', 'Jam ke-8'),
('2023-10-24', '19830120 201412 2 002', ' SUSI SOMADI, M.Pd.', '07:02:57', '12:35:21', 'Jam Ke-0', 'Jam ke-8'),
('2023-10-24', '12345678 123456 1 003', ' TINA GUSTINI, S.Pd.', '07:05:47', '13:58:12', 'Jam Ke-0', 'Jam ke-10'),
('2023-10-24', '19660110 198903 2 009', ' Hj. ENTIN SUMARTINI, S.Pd.', '07:10:23', '13:51:04', 'Jam Ke-0', 'Jam ke-10'),
('2023-10-24', '19710303 199903 2 007', ' N. YUYUN YUNIARTI, S.Pd.', '07:10:37', '13:47:36', 'Jam Ke-0', 'Jam ke-10'),
('2023-10-24', '19650214 199503 1 002', ' Drs. SUKARDI, M.Pd.', '07:10:54', '11:36:02', 'Jam Ke-0', 'Jam ke-7'),
('2023-10-24', '19680728 199403 2 009', ' Hj. YANTI SRI RAHAYU, M.Pd.', '07:12:19', '07:22:33', 'Jam Ke-0', 'Debugging'),
('2023-10-24', '19950220 202321 2 025', ' MITTA PRATAMA, M.Pd.', '07:16:15', '13:58:37', 'Jam Ke-0', 'Jam ke-10'),
('2023-10-24', '19800917 200801 2 012', ' IRA RAHAYUNINGSIH, S.Pd', '07:18:18', '14:15:14', 'Jam Ke-0', 'Jam ke-10'),
('2023-10-24', '19680327 199203 2 002', ' TARSAH SUMIATI, S.Pd.', '07:22:16', '12:53:05', 'Jam Ke-0', 'Jam ke-8'),
('2023-10-24', '19850606 201101 2 003', ' SUCI INTAN SARI, M.Pd.', '07:23:14', NULL, 'Jam Ke-0', NULL),
('2023-10-24', '19641216 198903 2 004', ' Dra. TITIN ROSTIKA', '07:31:06', '14:11:06', 'Jam Ke-1', 'Jam ke-10'),
('2023-10-24', '12345678 123456 1 013', 'NENGSIH YULIANINGSIH, S.I.Pust', '07:34:35', '15:17:23', 'Jam Ke-1', 'Jam ke-10'),
('2023-10-24', '19641124 199403 2 002', ' Dra. YAYAH SYAMSIAH, M.Ag.', '07:37:51', '13:58:41', 'Jam Ke-1', 'Jam ke-10'),
('2023-10-24', '19810205 200501 2 011', ' EMA SUKAESIH, M.Pd.', '07:41:56', '11:56:03', 'Jam Ke-1', 'Jam Istirahat Ke-2'),
('2023-10-24', '19891116 202321 1 005', ' HERRI SETIAWAN, S.Pd., Gr.', '07:55:35', '12:50:47', 'Jam Ke-1', 'Jam ke-8'),
('2023-10-24', '19700813 199512 2 002', ' Hj. YULIA KARAHMATIKA, M.Pd.', '07:58:57', '12:31:10', 'Jam Ke-1', 'Jam Istirahat Ke-2'),
('2023-10-24', '19850830 202221 2 023', ' DINNA DANIATI, S.Pd.', '08:11:41', '14:18:57', 'Jam Ke-2', 'Jam ke-10'),
('2023-10-24', '19800429 202321 2 005', ' HENI HENDRAYANI, S.S.', '08:32:00', '14:01:50', 'Jam Ke-2', 'Jam ke-10'),
('2023-10-24', '12345678 123456 1 004', ' NOVIA AMALLINDA, S.Pd., Gr.', '08:51:22', NULL, 'Jam Ke-3', NULL),
('2023-10-24', '19661007 198903 2 004', ' LILIS HENDRAWATI, M.Pd.', '13:57:37', '13:57:49', 'Jam Ke-10', 'Jam ke-10'),
('2023-10-24', '19680819 199302 2 002', ' Hj. N. RINI RAHMATIN, S.Pd.', '14:21:52', NULL, 'Jam Ke-10', NULL),
('2023-10-24', '12345678 123456 1 015', 'KAHRI SUPRIADI', '14:33:48', NULL, 'Jam Ke-10', NULL),
('2023-10-25', '19800108 201412 1 001', ' INDRA BUDIAJI, M.Pd.', '06:00:01', NULL, 'Jam Ke-0', NULL),
('2023-10-25', '12345678 123456 1 002', ' SUHERMAN, S.Pd', '06:00:31', '13:16:02', 'Jam Ke-0', 'Jam ke-9'),
('2023-10-25', '19660814 198903 2 010', ' RINA AGUSTINI, M.M.Pd.', '06:00:36', '14:02:19', 'Jam Ke-0', 'Jam ke-10'),
('2023-10-25', '19880425 202321 2 011', ' SITI SAADAH, S.Pd.', '06:01:09', '14:02:02', 'Jam Ke-0', 'Jam ke-10'),
('2023-10-25', '19650828 199002 1 002', ' ONO SUHARYONO, M.Ag.', '06:03:36', '14:08:29', 'Jam Ke-0', 'Jam ke-10'),
('2023-10-25', '19660804 199803 1 005', ' Drs. CECEP HASANUDIN', '06:16:02', '13:53:01', 'Jam Ke-0', 'Jam ke-10'),
('2023-10-25', '19670608 199702 2 002', ' Dra. AI SUHAETI', '06:24:51', '14:44:16', 'Jam Ke-0', 'Jam ke-10'),
('2023-10-25', '19650214 199503 1 002', ' Drs. SUKARDI, M.Pd.', '06:26:21', '13:38:25', 'Jam Ke-0', 'Jam ke-9'),
('2023-10-25', '19680210 199802 2 002', ' MIMIN TITA MARLIANI, S.Pd.', '06:34:15', '13:44:49', 'Jam Ke-0', 'Jam ke-9'),
('2023-10-25', '19830120 201412 2 002', ' SUSI SOMADI, M.Pd.', '06:34:18', '13:43:22', 'Jam Ke-0', 'Jam ke-9'),
('2023-10-25', '19660818 199703 2 002', ' Dra. TINI KARTINI', '06:34:25', '13:48:45', 'Jam Ke-0', 'Jam ke-10'),
('2023-10-25', '19970306 202221 2 014', ' YULYANTI RIZKIA, S.Pd.', '06:34:49', '12:41:25', 'Jam Ke-0', 'Jam ke-8'),
('2023-10-25', '19641216 198903 2 004', ' Dra. TITIN ROSTIKA', '06:35:54', '14:02:47', 'Jam Ke-0', 'Jam ke-10'),
('2023-10-25', '19960512 202321 2 011', ' FAUZIAH NUR ACHMAD, S.Pd.', '06:39:06', NULL, 'Jam Ke-0', NULL),
('2023-10-25', '19710212 199903 2 003', ' DEDEH KURAESIN, S.Pd.', '06:41:28', '13:46:21', 'Jam Ke-0', 'Jam ke-10'),
('2023-10-25', '19660110 198903 2 009', ' Hj. ENTIN SUMARTINI, S.Pd.', '06:41:31', '13:46:18', 'Jam Ke-0', 'Jam ke-10'),
('2023-10-25', '19930512 202321 2 026', ' YESSI AANUR RAYINA, S.Pd.', '06:41:35', '13:45:53', 'Jam Ke-0', 'Jam ke-10'),
('2023-10-25', '19911123 202321 2 026', ' NOVA SILVIA, S.Pd.', '06:41:38', '13:45:49', 'Jam Ke-0', 'Jam ke-10'),
('2023-10-25', '19770508 202221 2 009', ' RINA SITI PATIMAH, S.Pd.', '06:41:45', '13:46:25', 'Jam Ke-0', 'Jam ke-10'),
('2023-10-25', '19660508 198903 2 003', ' Hj. AI NURHAYATI,S.Pd., M.Pd.', '06:44:36', '14:02:15', 'Jam Ke-0', 'Jam ke-10'),
('2023-10-25', '19680715 202221 2 005', ' Dra. EBAH SUAEBAH', '06:50:47', '13:49:01', 'Jam Ke-0', 'Jam ke-10'),
('2023-10-25', '19950220 202321 2 025', ' MITTA PRATAMA, M.Pd.', '06:50:55', '12:42:26', 'Jam Ke-0', 'Jam ke-8'),
('2023-10-25', '12345678 123456 1 019', 'EULIS CICAH ', '06:52:57', '13:51:24', 'Jam Ke-0', 'Jam ke-10'),
('2023-10-25', '19700508 202321 1 001', ' ASEP SAEPULLAH, S.Pd.I.', '06:54:43', '13:16:41', 'Jam Ke-0', 'Jam ke-9'),
('2023-10-25', '12345678 123456 1 018', 'TATI IRMA DAMAYANTI, A.Md', '06:59:10', NULL, 'Jam Ke-0', NULL),
('2023-10-25', '19800917 200801 2 012', ' IRA RAHAYUNINGSIH, S.Pd', '07:01:58', '13:50:05', 'Jam Ke-0', 'Jam ke-10'),
('2023-10-25', '19640204 199512 2 004', ' Dra. Hj. NENI ROHAYATI, M.Pd.', '07:03:08', '13:18:12', 'Jam Ke-0', 'Jam ke-9'),
('2023-10-25', '19680728 199403 2 009', ' Hj. YANTI SRI RAHAYU, M.Pd.', '07:03:29', '13:40:07', 'Jam Ke-0', 'Jam ke-9'),
('2023-10-25', '19640304 199303 2 003', ' Dra. SRI MULYATI', '07:07:17', '13:20:58', 'Jam Ke-0', 'Jam ke-9'),
('2023-10-25', '19750124 200701 2 005', ' DEMIYANTI, S.Pd.', '07:07:21', '13:50:28', 'Jam Ke-0', 'Jam ke-10'),
('2023-10-25', '19710303 199903 2 007', ' N. YUYUN YUNIARTI, S.Pd.', '07:08:05', NULL, 'Jam Ke-0', NULL),
('2023-10-25', '12345678 123456 1 003', ' TINA GUSTINI, S.Pd.', '07:09:26', '13:54:40', 'Jam Ke-0', 'Jam ke-10'),
('2023-10-25', '19670617 198903 2 003', ' EULIS TUTIASIH, S.Pd.', '07:14:04', '13:39:10', 'Jam Ke-0', 'Jam ke-9'),
('2023-10-25', '19680819 199302 2 002', ' Hj. N. RINI RAHMATIN, S.Pd.', '07:14:57', '13:42:31', 'Jam Ke-0', 'Jam ke-9'),
('2023-10-25', '19810205 200501 2 011', ' EMA SUKAESIH, M.Pd.', '07:20:53', '12:12:55', 'Jam Ke-0', 'Jam Istirahat Ke-2'),
('2023-10-25', '19890408 201903 2 002', ' HANIFAH, S.Pd.', '07:23:15', '13:57:55', 'Jam Ke-0', 'Jam ke-10'),
('2023-10-25', '19700813 199512 2 002', ' Hj. YULIA KARAHMATIKA, M.Pd.', '07:23:58', '13:59:15', 'Jam Ke-0', 'Jam ke-10'),
('2023-10-25', '19680327 199203 2 002', ' TARSAH SUMIATI, S.Pd.', '07:35:06', '12:54:34', 'Jam Ke-1', 'Jam ke-8'),
('2023-10-25', '19800429 202321 2 005', ' HENI HENDRAYANI, S.S.', '07:35:49', '12:20:00', 'Jam Ke-1', 'Jam Istirahat Ke-2'),
('2023-10-25', '12345678 123456 1 013', 'NENGSIH YULIANINGSIH, S.I.Pust', '07:37:01', NULL, 'Jam Ke-1', NULL),
('2023-10-25', '19641124 199403 2 002', ' Dra. YAYAH SYAMSIAH, M.Ag.', '07:42:36', '12:53:02', 'Jam Ke-1', 'Jam ke-8'),
('2023-10-25', '19650209 198412 2 002', ' Hj. INA HERLINA, S.Pd.', '08:05:57', NULL, 'Jam Ke-2', NULL),
('2023-10-25', '12345678 123456 1 014', 'WIDYA AGUSTINA, A.Md', '08:24:18', NULL, 'Jam Ke-2', NULL),
('2023-10-25', '19850606 201101 2 003', ' SUCI INTAN SARI, M.Pd.', '08:44:17', '13:42:28', 'Jam Ke-3', 'Jam ke-9'),
('2023-10-25', '12345678 123456 1 006', ' IRMA SUCI DESTIA, S.Pd.', '08:48:40', '12:52:11', 'Jam Ke-3', 'Jam ke-8'),
('2023-10-25', '19690926 199802 2 001', ' Hj. JUSTIKA PELITASARI, S.Pd.', '09:34:39', '10:01:50', 'Jam Ke-4', 'Jam Istirahat Ke-1'),
('2023-10-25', '19850830 202221 2 023', ' DINNA DANIATI, S.Pd.', '10:13:18', '13:54:45', 'Jam Ke-5', 'Jam ke-10'),
('2023-10-25', '19891116 202321 1 005', ' HERRI SETIAWAN, S.Pd., Gr.', '12:43:16', NULL, 'Jam Ke-8', NULL),
('2023-10-25', '19740515 199903 2 006', ' MAMAY CUMAETI , S.Pd.', '13:40:04', '13:42:37', 'Jam Ke-9', 'Jam ke-9'),
('2023-10-25', '19661007 198903 2 004', ' LILIS HENDRAWATI, M.Pd.', '13:54:10', NULL, 'Jam Ke-10', NULL),
('2023-10-25', '19680329 199601 2 001', ' NUNUNG SUKAESIH, S.Pd, M.Pd.', '14:03:09', NULL, 'Jam Ke-10', NULL),
('2023-10-25', '12345678 123456 1 015', 'KAHRI SUPRIADI', '14:59:04', NULL, 'Jam Ke-10', NULL),
('2023-10-26', '19800108 201412 1 001', ' INDRA BUDIAJI, M.Pd.', '06:02:25', NULL, 'Jam Ke-0', NULL),
('2023-10-26', '19880425 202321 2 011', ' SITI SAADAH, S.Pd.', '06:02:55', '14:30:17', 'Jam Ke-0', 'Jam ke-10'),
('2023-10-26', '19660814 198903 2 010', ' RINA AGUSTINI, M.M.Pd.', '06:02:58', '14:02:07', 'Jam Ke-0', 'Jam ke-10'),
('2023-10-26', '19650828 199002 1 002', ' ONO SUHARYONO, M.Ag.', '06:05:43', '14:10:47', 'Jam Ke-0', 'Jam ke-10'),
('2023-10-26', '12345678 123456 1 002', ' SUHERMAN, S.Pd', '06:15:23', '13:57:38', 'Jam Ke-0', 'Jam ke-10'),
('2023-10-26', '19660804 199803 1 005', ' Drs. CECEP HASANUDIN', '06:15:28', NULL, 'Jam Ke-0', NULL),
('2023-10-26', '19670608 199702 2 002', ' Dra. AI SUHAETI', '06:25:27', '13:51:09', 'Jam Ke-0', 'Jam ke-10'),
('2023-10-26', '19680329 199601 2 001', ' NUNUNG SUKAESIH, S.Pd, M.Pd.', '06:32:35', NULL, 'Jam Ke-0', NULL),
('2023-10-26', '19750124 200701 2 005', ' DEMIYANTI, S.Pd.', '06:33:44', '14:37:11', 'Jam Ke-0', 'Jam ke-10'),
('2023-10-26', '19930512 202321 2 026', ' YESSI AANUR RAYINA, S.Pd.', '06:34:16', '13:45:57', 'Jam Ke-0', 'Jam ke-10'),
('2023-10-26', '19680728 199403 2 009', ' Hj. YANTI SRI RAHAYU, M.Pd.', '06:34:41', '12:55:09', 'Jam Ke-0', 'Jam ke-8'),
('2023-10-26', '19690926 199802 2 001', ' Hj. JUSTIKA PELITASARI, S.Pd.', '06:35:06', '14:06:25', 'Jam Ke-0', 'Jam ke-10'),
('2023-10-26', '19950220 202321 2 025', ' MITTA PRATAMA, M.Pd.', '06:37:39', '13:34:39', 'Jam Ke-0', 'Jam ke-9'),
('2023-10-26', '19680327 199203 2 002', ' TARSAH SUMIATI, S.Pd.', '06:38:43', '13:44:43', 'Jam Ke-0', 'Jam ke-9'),
('2023-10-26', '19641216 198903 2 004', ' Dra. TITIN ROSTIKA', '06:41:18', '14:02:15', 'Jam Ke-0', 'Jam ke-10'),
('2023-10-26', '19740515 199903 2 006', ' MAMAY CUMAETI , S.Pd.', '06:43:21', '14:05:16', 'Jam Ke-0', 'Jam ke-10'),
('2023-10-26', '19770508 202221 2 009', ' RINA SITI PATIMAH, S.Pd.', '06:46:43', '13:38:52', 'Jam Ke-0', 'Jam ke-9'),
('2023-10-26', '19680210 199802 2 002', ' MIMIN TITA MARLIANI, S.Pd.', '06:48:43', '13:46:38', 'Jam Ke-0', 'Jam ke-10'),
('2023-10-26', '19660818 199703 2 002', ' Dra. TINI KARTINI', '06:49:17', '14:05:19', 'Jam Ke-0', 'Jam ke-10'),
('2023-10-26', '19660508 198903 2 003', ' Hj. AI NURHAYATI,S.Pd., M.Pd.', '06:49:58', '14:01:32', 'Jam Ke-0', 'Jam ke-10'),
('2023-10-26', '19890408 201903 2 002', ' HANIFAH, S.Pd.', '06:50:08', '14:30:12', 'Jam Ke-0', 'Jam ke-10'),
('2023-10-26', '19850606 201101 2 003', ' SUCI INTAN SARI, M.Pd.', '06:50:34', '14:20:00', 'Jam Ke-0', 'Jam ke-10'),
('2023-10-26', '19650209 198412 2 002', ' Hj. INA HERLINA, S.Pd.', '06:51:00', '07:08:06', 'Jam Ke-0', 'Debugging'),
('2023-10-26', '19640304 199303 2 003', ' Dra. SRI MULYATI', '06:51:59', '13:43:15', 'Jam Ke-0', 'Jam ke-9'),
('2023-10-26', '12345678 123456 1 019', 'EULIS CICAH ', '06:53:37', '14:05:24', 'Jam Ke-0', 'Jam ke-10'),
('2023-10-26', '19700813 199512 2 002', ' Hj. YULIA KARAHMATIKA, M.Pd.', '06:58:22', '14:03:20', 'Jam Ke-0', 'Jam ke-10'),
('2023-10-26', '19830120 201412 2 002', ' SUSI SOMADI, M.Pd.', '06:58:32', '13:47:12', 'Jam Ke-0', 'Jam ke-10'),
('2023-10-26', '19660110 198903 2 009', ' Hj. ENTIN SUMARTINI, S.Pd.', '06:58:43', '13:38:46', 'Jam Ke-0', 'Jam ke-9'),
('2023-10-26', '19710212 199903 2 003', ' DEDEH KURAESIN, S.Pd.', '06:58:46', '13:38:49', 'Jam Ke-0', 'Jam ke-9'),
('2023-10-26', '12345678 123456 1 003', ' TINA GUSTINI, S.Pd.', '06:58:49', '13:53:48', 'Jam Ke-0', 'Jam ke-10'),
('2023-10-26', '19680715 202221 2 005', ' Dra. EBAH SUAEBAH', '06:59:20', '13:34:31', 'Jam Ke-0', 'Jam ke-9'),
('2023-10-26', '19891116 202321 1 005', ' HERRI SETIAWAN, S.Pd., Gr.', '06:59:53', '13:50:14', 'Jam Ke-0', 'Jam ke-10'),
('2023-10-26', '19650214 199503 1 002', ' Drs. SUKARDI, M.Pd.', '07:02:43', '13:52:43', 'Jam Ke-0', 'Jam ke-10'),
('2023-10-26', '19800917 200801 2 012', ' IRA RAHAYUNINGSIH, S.Pd', '07:03:27', '14:19:05', 'Jam Ke-0', 'Jam ke-10'),
('2023-10-26', '19810205 200501 2 011', ' EMA SUKAESIH, M.Pd.', '07:05:23', '14:18:48', 'Jam Ke-0', 'Jam ke-10'),
('2023-10-26', '19661007 198903 2 004', ' LILIS HENDRAWATI, M.Pd.', '07:06:19', '13:55:16', 'Jam Ke-0', 'Jam ke-10'),
('2023-10-26', '19700508 202321 1 001', ' ASEP SAEPULLAH, S.Pd.I.', '07:06:25', '07:06:42', 'Jam Ke-0', 'Debugging'),
('2023-10-26', '19911123 202321 2 026', ' NOVA SILVIA, S.Pd.', '07:06:38', '13:45:52', 'Jam Ke-0', 'Jam ke-10'),
('2023-10-26', '19970306 202221 2 014', ' YULYANTI RIZKIA, S.Pd.', '07:07:58', '13:46:02', 'Jam Ke-0', 'Jam ke-10'),
('2023-10-26', '19850830 202221 2 023', ' DINNA DANIATI, S.Pd.', '07:11:03', '13:54:04', 'Jam Ke-0', 'Jam ke-10'),
('2023-10-26', '19640204 199512 2 004', ' Dra. Hj. NENI ROHAYATI, M.Pd.', '07:17:40', '13:42:57', 'Jam Ke-0', 'Jam ke-9'),
('2023-10-26', '19640116 198412 2 003', ' RINI RIYANI, S.Pd.', '07:28:59', '13:38:43', 'Jam Ke-0', 'Jam ke-9'),
('2023-10-26', '19800429 202321 2 005', ' HENI HENDRAYANI, S.S.', '07:39:57', '13:51:19', 'Jam Ke-1', 'Jam ke-10'),
('2023-10-26', '19680819 199302 2 002', ' Hj. N. RINI RAHMATIN, S.Pd.', '07:44:35', NULL, 'Jam Ke-1', NULL),
('2023-10-26', '19710305 199308 2 001', 'IMAS KOMALA', '07:59:42', '14:52:27', 'Jam Ke-1', 'Jam ke-10'),
('2023-10-26', '19641124 199403 2 002', ' Dra. YAYAH SYAMSIAH, M.Ag.', '08:35:43', '14:29:48', 'Jam Ke-2', 'Jam ke-10'),
('2023-10-26', '19670617 198903 2 003', ' EULIS TUTIASIH, S.Pd.', '09:02:37', '13:38:28', 'Jam Ke-3', 'Jam ke-9'),
('2023-10-26', '12345678 123456 1 008', ' HARUM SARI, S.Pd', '09:56:37', '13:53:54', 'Jam Istirahat Ke-1', 'Jam ke-10'),
('2023-10-27', '19800108 201412 1 001', ' INDRA BUDIAJI, M.Pd.', '06:00:37', NULL, 'Jam Ke-0', NULL),
('2023-10-27', '19660814 198903 2 010', ' RINA AGUSTINI, M.M.Pd.', '06:00:43', NULL, 'Jam Ke-0', NULL),
('2023-10-27', '19880425 202321 2 011', ' SITI SAADAH, S.Pd.', '06:01:03', NULL, 'Jam Ke-0', NULL),
('2023-10-27', '12345678 123456 1 002', ' SUHERMAN, S.Pd', '06:01:07', '14:12:09', 'Jam Ke-0', 'Jam ke-10'),
('2023-10-27', '19660804 199803 1 005', ' Drs. CECEP HASANUDIN', '06:06:51', NULL, 'Jam Ke-0', NULL),
('2023-10-27', '19650828 199002 1 002', ' ONO SUHARYONO, M.Ag.', '06:07:38', '12:29:45', 'Jam Ke-0', 'Jam Istirahat Ke-2'),
('2023-10-27', '19911123 202321 2 026', ' NOVA SILVIA, S.Pd.', '06:11:46', '11:29:12', 'Jam Ke-0', 'Jam ke-7'),
('2023-10-27', '19680329 199601 2 001', ' NUNUNG SUKAESIH, S.Pd, M.Pd.', '06:16:35', NULL, 'Jam Ke-0', NULL),
('2023-10-27', '19770508 202221 2 009', ' RINA SITI PATIMAH, S.Pd.', '06:31:00', '11:32:45', 'Jam Ke-0', 'Jam ke-7'),
('2023-10-27', '19890408 201903 2 002', ' HANIFAH, S.Pd.', '06:31:06', '13:23:37', 'Jam Ke-0', 'Jam ke-9'),
('2023-10-27', '19670608 199702 2 002', ' Dra. AI SUHAETI', '06:33:08', '12:57:23', 'Jam Ke-0', 'Jam ke-8'),
('2023-10-27', '19660818 199703 2 002', ' Dra. TINI KARTINI', '06:35:15', '12:38:36', 'Jam Ke-0', 'Jam ke-8'),
('2023-10-27', '19710212 199903 2 003', ' DEDEH KURAESIN, S.Pd.', '06:38:07', '11:30:18', 'Jam Ke-0', 'Jam ke-7'),
('2023-10-27', '19660110 198903 2 009', ' Hj. ENTIN SUMARTINI, S.Pd.', '06:38:11', '11:30:15', 'Jam Ke-0', 'Jam ke-7'),
('2023-10-27', '19930512 202321 2 026', ' YESSI AANUR RAYINA, S.Pd.', '06:38:15', '11:29:19', 'Jam Ke-0', 'Jam ke-7'),
('2023-10-27', '19650214 199503 1 002', ' Drs. SUKARDI, M.Pd.', '06:39:14', NULL, 'Jam Ke-0', NULL),
('2023-10-27', '19680210 199802 2 002', ' MIMIN TITA MARLIANI, S.Pd.', '06:43:26', '11:32:39', 'Jam Ke-0', 'Jam ke-7'),
('2023-10-27', '19700508 202321 1 001', ' ASEP SAEPULLAH, S.Pd.I.', '06:46:52', '12:24:22', 'Jam Ke-0', 'Jam Istirahat Ke-2'),
('2023-10-27', '19660508 198903 2 003', ' Hj. AI NURHAYATI,S.Pd., M.Pd.', '06:47:35', NULL, 'Jam Ke-0', NULL),
('2023-10-27', '19641124 199403 2 002', ' Dra. YAYAH SYAMSIAH, M.Ag.', '06:49:43', '12:20:08', 'Jam Ke-0', 'Jam Istirahat Ke-2'),
('2023-10-27', '12345678 123456 1 018', 'TATI IRMA DAMAYANTI, A.Md', '06:51:56', NULL, 'Jam Ke-0', NULL),
('2023-10-27', '19690926 199802 2 001', ' Hj. JUSTIKA PELITASARI, S.Pd.', '06:52:46', '13:29:15', 'Jam Ke-0', 'Jam ke-9'),
('2023-10-27', '19670617 198903 2 003', ' EULIS TUTIASIH, S.Pd.', '06:54:30', '11:28:35', 'Jam Ke-0', 'Jam ke-7'),
('2023-10-27', '12345678 123456 1 019', 'EULIS CICAH ', '06:56:07', '12:13:21', 'Jam Ke-0', 'Jam Istirahat Ke-2'),
('2023-10-27', '19740515 199903 2 006', ' MAMAY CUMAETI , S.Pd.', '06:56:20', '11:18:27', 'Jam Ke-0', 'Jam ke-6'),
('2023-10-27', '19970306 202221 2 014', ' YULYANTI RIZKIA, S.Pd.', '07:00:20', '13:22:12', 'Jam Ke-0', 'Jam ke-9'),
('2023-10-27', '19750124 200701 2 005', ' DEMIYANTI, S.Pd.', '07:10:34', '12:40:38', 'Jam Ke-0', 'Jam ke-8'),
('2023-10-27', '19640204 199512 2 004', ' Dra. Hj. NENI ROHAYATI, M.Pd.', '07:14:08', NULL, 'Jam Ke-0', NULL),
('2023-10-27', '19700813 199512 2 002', ' Hj. YULIA KARAHMATIKA, M.Pd.', '07:14:20', '12:32:24', 'Jam Ke-0', 'Jam Istirahat Ke-2'),
('2023-10-27', '19661007 198903 2 004', ' LILIS HENDRAWATI, M.Pd.', '07:23:09', '11:44:44', 'Jam Ke-0', 'Jam ke-7'),
('2023-10-27', '19830120 201412 2 002', ' SUSI SOMADI, M.Pd.', '07:29:39', NULL, 'Jam Ke-0', NULL),
('2023-10-27', '19640304 199303 2 003', ' Dra. SRI MULYATI', '07:35:08', '11:03:29', 'Jam Ke-1', 'Jam ke-6'),
('2023-10-27', '19950220 202321 2 025', ' MITTA PRATAMA, M.Pd.', '07:37:02', NULL, 'Jam Ke-1', NULL),
('2023-10-27', '19810205 200501 2 011', ' EMA SUKAESIH, M.Pd.', '07:37:16', '13:01:34', 'Jam Ke-1', 'Jam ke-8'),
('2023-10-27', '19800429 202321 2 005', ' HENI HENDRAYANI, S.S.', '07:37:57', '11:18:23', 'Jam Ke-1', 'Jam ke-6'),
('2023-10-27', '19680715 202221 2 005', ' Dra. EBAH SUAEBAH', '07:39:37', '11:42:27', 'Jam Ke-1', 'Jam ke-7'),
('2023-10-27', '19850830 202221 2 023', ' DINNA DANIATI, S.Pd.', '07:40:32', '13:27:30', 'Jam Ke-1', 'Jam ke-9'),
('2023-10-27', '19850606 201101 2 003', ' SUCI INTAN SARI, M.Pd.', '07:47:19', NULL, 'Jam Ke-1', NULL),
('2023-10-27', '19680327 199203 2 002', ' TARSAH SUMIATI, S.Pd.', '07:53:58', '11:19:08', 'Jam Ke-1', 'Jam ke-6'),
('2023-10-27', '19710303 199903 2 007', ' N. YUYUN YUNIARTI, S.Pd.', '08:52:34', '11:56:35', 'Jam Ke-3', 'Jam Istirahat Ke-2'),
('2023-10-27', '19640116 198412 2 003', ' RINI RIYANI, S.Pd.', '09:50:44', '11:30:11', 'Jam Istirahat Ke-1', 'Jam ke-7'),
('2023-10-27', '19650209 198412 2 002', ' Hj. INA HERLINA, S.Pd.', '09:50:48', NULL, 'Jam Istirahat Ke-1', NULL),
('2023-10-27', '19680728 199403 2 009', ' Hj. YANTI SRI RAHAYU, M.Pd.', '11:19:50', NULL, 'Jam Ke-6', NULL),
('2023-10-30', '19800108 201412 1 001', ' INDRA BUDIAJI, M.Pd.', '06:00:01', '16:33:47', 'Jam Ke-0', 'Jam ke-10'),
('2023-10-30', '19660814 198903 2 010', ' RINA AGUSTINI, M.M.Pd.', '06:00:12', '14:20:32', 'Jam Ke-0', 'Jam ke-10'),
('2023-10-30', '19880425 202321 2 011', ' SITI SAADAH, S.Pd.', '06:00:19', '14:38:44', 'Jam Ke-0', 'Jam ke-10'),
('2023-10-30', '12345678 123456 1 002', ' SUHERMAN, S.Pd', '06:00:41', '15:39:04', 'Jam Ke-0', 'Jam ke-10'),
('2023-10-30', '19660804 199803 1 005', ' Drs. CECEP HASANUDIN', '06:01:48', '14:12:35', 'Jam Ke-0', 'Jam ke-10'),
('2023-10-30', '19650828 199002 1 002', ' ONO SUHARYONO, M.Ag.', '06:08:21', '14:19:31', 'Jam Ke-0', 'Jam ke-10'),
('2023-10-30', '19660508 198903 2 003', ' Hj. AI NURHAYATI,S.Pd., M.Pd.', '06:15:57', NULL, 'Jam Ke-0', NULL),
('2023-10-30', '19670608 199702 2 002', ' Dra. AI SUHAETI', '06:17:21', '14:11:20', 'Jam Ke-0', 'Jam ke-10'),
('2023-10-30', '19640304 199303 2 003', ' Dra. SRI MULYATI', '06:19:14', '13:52:18', 'Jam Ke-0', 'Jam ke-10'),
('2023-10-30', '19680327 199203 2 002', ' TARSAH SUMIATI, S.Pd.', '06:20:38', '13:38:05', 'Jam Ke-0', 'Jam ke-9'),
('2023-10-30', '19700508 202321 1 001', ' ASEP SAEPULLAH, S.Pd.I.', '06:23:26', '14:42:33', 'Jam Ke-0', 'Jam ke-10'),
('2023-10-30', '12345678 123456 1 008', ' HARUM SARI, S.Pd', '06:32:14', '13:37:45', 'Jam Ke-0', 'Jam ke-9'),
('2023-10-30', '19641124 199403 2 002', ' Dra. YAYAH SYAMSIAH, M.Ag.', '06:32:56', '15:11:47', 'Jam Ke-0', 'Jam ke-10'),
('2023-10-30', '19700813 199512 2 002', ' Hj. YULIA KARAHMATIKA, M.Pd.', '06:33:26', '14:54:30', 'Jam Ke-0', 'Jam ke-10'),
('2023-10-30', '19680329 199601 2 001', ' NUNUNG SUKAESIH, S.Pd, M.Pd.', '06:33:46', '13:37:58', 'Jam Ke-0', 'Jam ke-9'),
('2023-10-30', '19800917 200801 2 012', ' IRA RAHAYUNINGSIH, S.Pd', '06:34:45', '14:53:08', 'Jam Ke-0', 'Jam ke-10'),
('2023-10-30', '19890408 201903 2 002', ' HANIFAH, S.Pd.', '06:35:12', '14:48:41', 'Jam Ke-0', 'Jam ke-10'),
('2023-10-30', '19770508 202221 2 009', ' RINA SITI PATIMAH, S.Pd.', '06:35:55', '13:56:44', 'Jam Ke-0', 'Jam ke-10'),
('2023-10-30', '12345678 123456 1 004', ' NOVIA AMALLINDA, S.Pd., Gr.', '06:36:02', NULL, 'Jam Ke-0', NULL),
('2023-10-30', '19680715 202221 2 005', ' Dra. EBAH SUAEBAH', '06:36:21', '13:36:10', 'Jam Ke-0', 'Jam ke-9'),
('2023-10-30', '19641216 198903 2 004', ' Dra. TITIN ROSTIKA', '06:36:26', '13:46:08', 'Jam Ke-0', 'Jam ke-10'),
('2023-10-30', '19830120 201412 2 002', ' SUSI SOMADI, M.Pd.', '06:36:32', '14:17:59', 'Jam Ke-0', 'Jam ke-10'),
('2023-10-30', '19660818 199703 2 002', ' Dra. TINI KARTINI', '06:36:45', '12:18:21', 'Jam Ke-0', 'Jam Istirahat Ke-2'),
('2023-10-30', '19970306 202221 2 014', ' YULYANTI RIZKIA, S.Pd.', '06:36:53', '06:50:13', 'Jam Ke-0', 'Debugging'),
('2023-10-30', '19680210 199802 2 002', ' MIMIN TITA MARLIANI, S.Pd.', '06:37:00', '14:17:55', 'Jam Ke-0', 'Jam ke-10'),
('2023-10-30', '12345678 123456 1 019', 'EULIS CICAH ', '06:37:13', '13:48:15', 'Jam Ke-0', 'Jam ke-10'),
('2023-10-30', '19710212 199903 2 003', ' DEDEH KURAESIN, S.Pd.', '06:37:59', '14:40:40', 'Jam Ke-0', 'Jam ke-10'),
('2023-10-30', '19660110 198903 2 009', ' Hj. ENTIN SUMARTINI, S.Pd.', '06:38:03', '13:56:38', 'Jam Ke-0', 'Jam ke-10'),
('2023-10-30', '19680728 199403 2 009', ' Hj. YANTI SRI RAHAYU, M.Pd.', '06:39:13', '14:01:02', 'Jam Ke-0', 'Jam ke-10'),
('2023-10-30', '19670617 198903 2 003', ' EULIS TUTIASIH, S.Pd.', '06:42:02', '14:03:19', 'Jam Ke-0', 'Jam ke-10'),
('2023-10-30', '19911123 202321 2 026', ' NOVA SILVIA, S.Pd.', '06:42:06', '14:03:50', 'Jam Ke-0', 'Jam ke-10'),
('2023-10-30', '19930512 202321 2 026', ' YESSI AANUR RAYINA, S.Pd.', '06:43:04', '14:40:44', 'Jam Ke-0', 'Jam ke-10'),
('2023-10-30', '19891116 202321 1 005', ' HERRI SETIAWAN, S.Pd., Gr.', '06:43:09', NULL, 'Jam Ke-0', NULL),
('2023-10-30', '19650209 198412 2 002', ' Hj. INA HERLINA, S.Pd.', '06:43:47', NULL, 'Jam Ke-0', NULL),
('2023-10-30', '19740515 199903 2 006', ' MAMAY CUMAETI , S.Pd.', '06:49:04', '14:08:15', 'Jam Ke-0', 'Jam ke-10'),
('2023-10-30', '19800429 202321 2 005', ' HENI HENDRAYANI, S.S.', '06:49:23', '11:57:49', 'Jam Ke-0', 'Jam Istirahat Ke-2'),
('2023-10-30', '19650214 199503 1 002', ' Drs. SUKARDI, M.Pd.', '06:49:36', '12:45:56', 'Jam Ke-0', 'Jam ke-8'),
('2023-10-30', '19850606 201101 2 003', ' SUCI INTAN SARI, M.Pd.', '06:50:48', NULL, 'Jam Ke-0', NULL),
('2023-10-30', '19690926 199802 2 001', ' Hj. JUSTIKA PELITASARI, S.Pd.', '06:50:58', '12:18:42', 'Jam Ke-0', 'Jam Istirahat Ke-2'),
('2023-10-30', '19850830 202221 2 023', ' DINNA DANIATI, S.Pd.', '06:53:48', NULL, 'Jam Ke-0', NULL),
('2023-10-30', '19750124 200701 2 005', ' DEMIYANTI, S.Pd.', '07:04:41', '14:09:09', 'Jam Ke-0', 'Jam ke-10'),
('2023-10-30', '19661007 198903 2 004', ' LILIS HENDRAWATI, M.Pd.', '07:20:43', '13:59:59', 'Jam Ke-0', 'Jam ke-10'),
('2023-10-30', '12345678 123456 1 014', 'WIDYA AGUSTINA, A.Md', '07:21:24', NULL, 'Jam Ke-0', NULL),
('2023-10-30', '19810205 200501 2 011', ' EMA SUKAESIH, M.Pd.', '07:25:27', '14:41:06', 'Jam Ke-0', 'Jam ke-10'),
('2023-10-30', '12345678 123456 1 001', ' MUHAMAD KASYFIL AZIZI, S.Pd.', '07:37:07', NULL, 'Jam Ke-1', NULL),
('2023-10-30', '12345678 123456 1 007', ' AMELISA SARINAYASA, S.Pd', '07:42:14', '14:12:46', 'Jam Ke-1', 'Jam ke-10'),
('2023-10-30', '19640116 198412 2 003', ' RINI RIYANI, S.Pd.', '08:52:10', '13:57:30', 'Jam Ke-3', 'Jam ke-10'),
('2023-10-30', '19960512 202321 2 011', ' FAUZIAH NUR ACHMAD, S.Pd.', '10:10:01', '11:46:37', 'Jam Ke-5', 'Jam ke-7'),
('2023-10-30', '12345678 123456 1 006', ' IRMA SUCI DESTIA, S.Pd.', '10:33:13', '14:09:44', 'Jam Ke-5', 'Jam ke-10'),
('2023-10-30', '19710303 199903 2 007', ' N. YUYUN YUNIARTI, S.Pd.', '14:05:47', '14:43:54', 'Jam Ke-10', 'Jam ke-10'),
('2023-10-30', '19660215 198903 1 005', ' OCENG RUM KARNODI, M.Pd.', '14:07:13', NULL, 'Jam Ke-10', NULL),
('2023-10-30', '19740409 200801 1 006', ' MAMUN NAWAWI, S.Ag., M.Pd.', '14:19:40', NULL, 'Jam Ke-10', NULL);
INSERT INTO `data_absensi` (`tanggal`, `nip`, `nama`, `jammasuk`, `jamkeluar`, `keteranganmasuk`, `keterangankeluar`) VALUES
('2023-10-30', '12345678 123456 1 015', 'KAHRI SUPRIADI', '15:02:18', NULL, 'Jam Ke-10', NULL),
('2023-10-31', '19800108 201412 1 001', ' INDRA BUDIAJI, M.Pd.', '06:00:06', '16:31:09', 'Jam Ke-0', 'Jam TU'),
('2023-10-31', '19660814 198903 2 010', ' RINA AGUSTINI, M.M.Pd.', '06:01:01', NULL, 'Jam Ke-0', NULL),
('2023-10-31', '19880425 202321 2 011', ' SITI SAADAH, S.Pd.', '06:01:09', '13:37:18', 'Jam Ke-0', 'Jam ke-9'),
('2023-10-31', '12345678 123456 1 002', ' SUHERMAN, S.Pd', '06:01:32', '15:22:21', 'Jam Ke-0', 'Jam ke-10'),
('2023-10-31', '19660804 199803 1 005', ' Drs. CECEP HASANUDIN', '06:01:37', '14:25:30', 'Jam Ke-0', 'Jam ke-10'),
('2023-10-31', '19670608 199702 2 002', ' Dra. AI SUHAETI', '06:04:57', '13:55:08', 'Jam Ke-0', 'Jam ke-10'),
('2023-10-31', '19650828 199002 1 002', ' ONO SUHARYONO, M.Ag.', '06:10:10', '14:33:19', 'Jam Ke-0', 'Jam ke-10'),
('2023-10-31', '19680728 199403 2 009', ' Hj. YANTI SRI RAHAYU, M.Pd.', '06:10:22', '12:32:28', 'Jam Ke-0', 'Jam ke-8'),
('2023-10-31', '19670617 198903 2 003', ' EULIS TUTIASIH, S.Pd.', '06:33:00', '12:25:18', 'Jam Ke-0', 'Jam ke-8'),
('2023-10-31', '19700508 202321 1 001', ' ASEP SAEPULLAH, S.Pd.I.', '06:34:11', '13:33:41', 'Jam Ke-0', 'Jam ke-9'),
('2023-10-31', '19680327 199203 2 002', ' TARSAH SUMIATI, S.Pd.', '06:34:16', '12:26:00', 'Jam Ke-0', 'Jam ke-8'),
('2023-10-31', '19660818 199703 2 002', ' Dra. TINI KARTINI', '06:37:50', NULL, 'Jam Ke-0', NULL),
('2023-10-31', '19960512 202321 2 011', ' FAUZIAH NUR ACHMAD, S.Pd.', '06:38:26', '13:38:37', 'Jam Ke-0', 'Jam ke-9'),
('2023-10-31', '19770508 202221 2 009', ' RINA SITI PATIMAH, S.Pd.', '06:39:19', '12:30:25', 'Jam Ke-0', 'Jam ke-8'),
('2023-10-31', '19680715 202221 2 005', ' Dra. EBAH SUAEBAH', '06:39:26', '10:24:16', 'Jam Ke-0', 'Jam ke-5'),
('2023-10-31', '19830120 201412 2 002', ' SUSI SOMADI, M.Pd.', '06:40:09', '14:04:36', 'Jam Ke-0', 'Jam ke-10'),
('2023-10-31', '19680210 199802 2 002', ' MIMIN TITA MARLIANI, S.Pd.', '06:40:15', '14:04:46', 'Jam Ke-0', 'Jam ke-10'),
('2023-10-31', '19690926 199802 2 001', ' Hj. JUSTIKA PELITASARI, S.Pd.', '06:40:24', '13:57:27', 'Jam Ke-0', 'Jam ke-10'),
('2023-10-31', '19740515 199903 2 006', ' MAMAY CUMAETI , S.Pd.', '06:42:33', '13:41:33', 'Jam Ke-0', 'Jam ke-9'),
('2023-10-31', '19660110 198903 2 009', ' Hj. ENTIN SUMARTINI, S.Pd.', '06:44:33', '14:00:41', 'Jam Ke-0', 'Jam ke-10'),
('2023-10-31', '19710212 199903 2 003', ' DEDEH KURAESIN, S.Pd.', '06:44:37', '14:00:45', 'Jam Ke-0', 'Jam ke-10'),
('2023-10-31', '12345678 123456 1 003', ' TINA GUSTINI, S.Pd.', '06:45:56', '14:04:28', 'Jam Ke-0', 'Jam ke-10'),
('2023-10-31', '19970306 202221 2 014', ' YULYANTI RIZKIA, S.Pd.', '06:46:07', '13:56:47', 'Jam Ke-0', 'Jam ke-10'),
('2023-10-31', '19700813 199512 2 002', ' Hj. YULIA KARAHMATIKA, M.Pd.', '06:46:45', '14:45:18', 'Jam Ke-0', 'Jam ke-10'),
('2023-10-31', '19640204 199512 2 004', ' Dra. Hj. NENI ROHAYATI, M.Pd.', '06:47:04', NULL, 'Jam Ke-0', NULL),
('2023-10-31', '19661007 198903 2 004', ' LILIS HENDRAWATI, M.Pd.', '06:47:25', '13:39:23', 'Jam Ke-0', 'Jam ke-9'),
('2023-10-31', '19680329 199601 2 001', ' NUNUNG SUKAESIH, S.Pd, M.Pd.', '06:47:35', '13:42:20', 'Jam Ke-0', 'Jam ke-9'),
('2023-10-31', '19810205 200501 2 011', ' EMA SUKAESIH, M.Pd.', '06:47:39', '12:24:15', 'Jam Ke-0', 'Jam Istirahat Ke-2'),
('2023-10-31', '19911123 202321 2 026', ' NOVA SILVIA, S.Pd.', '06:48:12', '13:59:15', 'Jam Ke-0', 'Jam ke-10'),
('2023-10-31', '19930512 202321 2 026', ' YESSI AANUR RAYINA, S.Pd.', '06:48:16', '14:00:36', 'Jam Ke-0', 'Jam ke-10'),
('2023-10-31', '19640304 199303 2 003', ' Dra. SRI MULYATI', '06:48:32', NULL, 'Jam Ke-0', NULL),
('2023-10-31', '12345678 123456 1 019', 'EULIS CICAH ', '06:50:06', '13:59:08', 'Jam Ke-0', 'Jam ke-10'),
('2023-10-31', '19660508 198903 2 003', ' Hj. AI NURHAYATI,S.Pd., M.Pd.', '06:51:40', '13:55:27', 'Jam Ke-0', 'Jam ke-10'),
('2023-10-31', '19650209 198412 2 002', ' Hj. INA HERLINA, S.Pd.', '06:52:07', '13:55:51', 'Jam Ke-0', 'Jam ke-10'),
('2023-10-31', '12345678 123456 1 018', 'TATI IRMA DAMAYANTI, A.Md', '06:52:48', NULL, 'Jam Ke-0', NULL),
('2023-10-31', '12345678 123456 1 008', ' HARUM SARI, S.Pd', '07:01:19', '11:38:29', 'Jam Ke-0', 'Jam ke-7'),
('2023-10-31', '19850606 201101 2 003', ' SUCI INTAN SARI, M.Pd.', '07:02:56', '13:55:42', 'Jam Ke-0', 'Jam ke-10'),
('2023-10-31', '19750124 200701 2 005', ' DEMIYANTI, S.Pd.', '07:06:30', '13:55:46', 'Jam Ke-0', 'Jam ke-10'),
('2023-10-31', '19890408 201903 2 002', ' HANIFAH, S.Pd.', '07:07:54', '14:00:00', 'Jam Ke-0', 'Jam ke-10'),
('2023-10-31', '19950220 202321 2 025', ' MITTA PRATAMA, M.Pd.', '07:09:57', '13:38:20', 'Jam Ke-0', 'Jam ke-9'),
('2023-10-31', '19891116 202321 1 005', ' HERRI SETIAWAN, S.Pd., Gr.', '07:10:48', '13:33:24', 'Jam Ke-0', 'Jam ke-9'),
('2023-10-31', '19650214 199503 1 002', ' Drs. SUKARDI, M.Pd.', '07:12:20', '13:35:28', 'Jam Ke-0', 'Jam ke-9'),
('2023-10-31', '19710305 199308 2 001', 'IMAS KOMALA', '07:35:59', NULL, 'Jam Ke-1', NULL),
('2023-10-31', '19800917 200801 2 012', ' IRA RAHAYUNINGSIH, S.Pd', '07:37:10', '13:41:47', 'Jam Ke-1', 'Jam ke-9'),
('2023-10-31', '19640116 198412 2 003', ' RINI RIYANI, S.Pd.', '07:46:08', NULL, 'Jam Ke-1', NULL),
('2023-10-31', '19641124 199403 2 002', ' Dra. YAYAH SYAMSIAH, M.Ag.', '08:10:36', '14:04:52', 'Jam Ke-2', 'Jam ke-10'),
('2023-10-31', '19800429 202321 2 005', ' HENI HENDRAYANI, S.S.', '08:11:07', '12:30:30', 'Jam Ke-2', 'Jam ke-8'),
('2023-10-31', '19641216 198903 2 004', ' Dra. TITIN ROSTIKA', '08:28:38', NULL, 'Jam Ke-2', NULL),
('2023-10-31', '12345678 123456 1 004', ' NOVIA AMALLINDA, S.Pd., Gr.', '08:53:23', '13:52:02', 'Jam Ke-3', 'Jam ke-10'),
('2023-10-31', '19850830 202221 2 023', ' DINNA DANIATI, S.Pd.', '09:07:33', '13:56:40', 'Jam Ke-3', 'Jam ke-10'),
('2023-10-31', '19710303 199903 2 007', ' N. YUYUN YUNIARTI, S.Pd.', '09:25:55', '13:55:19', 'Jam Ke-4', 'Jam ke-10'),
('2023-10-31', '123', 'APKKDISKDSA', '11:41:24', NULL, 'Jam Ke-7', NULL),
('2023-10-31', '122', 'AP123', '11:44:17', NULL, 'Jam Ke-7', NULL),
('2023-11-01', '19800108 201412 1 001', ' INDRA BUDIAJI, M.Pd.', '05:57:41', NULL, 'Jam Ke-0', NULL),
('2023-11-01', '19660814 198903 2 010', ' RINA AGUSTINI, M.M.Pd.', '05:59:30', NULL, 'Jam Ke-0', NULL),
('2023-11-01', '19880425 202321 2 011', ' SITI SAADAH, S.Pd.', '06:00:00', '13:52:43', 'Jam Ke-0', 'Jam ke-10'),
('2023-11-01', '19660804 199803 1 005', ' Drs. CECEP HASANUDIN', '06:02:05', '14:01:48', 'Jam Ke-0', 'Jam ke-10'),
('2023-11-01', '12345678 123456 1 002', ' SUHERMAN, S.Pd', '06:05:31', '15:08:37', 'Jam Ke-0', 'Jam ke-10'),
('2023-11-01', '19650828 199002 1 002', ' ONO SUHARYONO, M.Ag.', '06:11:30', '14:26:17', 'Jam Ke-0', 'Jam ke-10'),
('2023-11-01', '19680329 199601 2 001', ' NUNUNG SUKAESIH, S.Pd, M.Pd.', '06:19:20', NULL, 'Jam Ke-0', NULL),
('2023-11-01', '19670608 199702 2 002', ' Dra. AI SUHAETI', '06:20:45', '13:38:34', 'Jam Ke-0', 'Jam ke-9'),
('2023-11-01', '19660818 199703 2 002', ' Dra. TINI KARTINI', '06:27:56', '13:29:53', 'Jam Ke-0', 'Jam ke-9'),
('2023-11-01', '19640304 199303 2 003', ' Dra. SRI MULYATI', '06:27:59', '13:28:02', 'Jam Ke-0', 'Jam ke-9'),
('2023-11-01', '19680715 202221 2 005', ' Dra. EBAH SUAEBAH', '06:28:21', '13:54:43', 'Jam Ke-0', 'Jam ke-10'),
('2023-11-01', '19770508 202221 2 009', ' RINA SITI PATIMAH, S.Pd.', '06:35:45', '13:49:15', 'Jam Ke-0', 'Jam ke-10'),
('2023-11-01', '19710212 199903 2 003', ' DEDEH KURAESIN, S.Pd.', '06:35:49', '13:49:22', 'Jam Ke-0', 'Jam ke-10'),
('2023-11-01', '19660110 198903 2 009', ' Hj. ENTIN SUMARTINI, S.Pd.', '06:35:52', '13:49:18', 'Jam Ke-0', 'Jam ke-10'),
('2023-11-01', '19740515 199903 2 006', ' MAMAY CUMAETI , S.Pd.', '06:36:01', '13:32:44', 'Jam Ke-0', 'Jam ke-9'),
('2023-11-01', '19680728 199403 2 009', ' Hj. YANTI SRI RAHAYU, M.Pd.', '06:37:45', '13:38:43', 'Jam Ke-0', 'Jam ke-9'),
('2023-11-01', '19680210 199802 2 002', ' MIMIN TITA MARLIANI, S.Pd.', '06:38:06', '13:46:45', 'Jam Ke-0', 'Jam ke-10'),
('2023-11-01', '19830120 201412 2 002', ' SUSI SOMADI, M.Pd.', '06:38:12', '13:47:21', 'Jam Ke-0', 'Jam ke-10'),
('2023-11-01', '19740409 200801 1 006', ' MAMUN NAWAWI, S.Ag., M.Pd.', '06:39:04', '13:53:23', 'Jam Ke-0', 'Jam ke-10'),
('2023-11-01', '19700508 202321 1 001', ' ASEP SAEPULLAH, S.Pd.I.', '06:39:36', '13:05:36', 'Jam Ke-0', 'Jam ke-9'),
('2023-11-01', '12345678 123456 1 008', ' HARUM SARI, S.Pd', '06:41:34', '14:23:20', 'Jam Ke-0', 'Jam ke-10'),
('2023-11-01', '19641216 198903 2 004', ' Dra. TITIN ROSTIKA', '06:44:15', '13:40:27', 'Jam Ke-0', 'Jam ke-9'),
('2023-11-01', '19700813 199512 2 002', ' Hj. YULIA KARAHMATIKA, M.Pd.', '06:44:42', '13:53:28', 'Jam Ke-0', 'Jam ke-10'),
('2023-11-01', '12345678 123456 1 018', 'TATI IRMA DAMAYANTI, A.Md', '06:45:57', NULL, 'Jam Ke-0', NULL),
('2023-11-01', '19680327 199203 2 002', ' TARSAH SUMIATI, S.Pd.', '06:46:27', '13:45:51', 'Jam Ke-0', 'Jam ke-10'),
('2023-11-01', '19660508 198903 2 003', ' Hj. AI NURHAYATI,S.Pd., M.Pd.', '06:46:31', NULL, 'Jam Ke-0', NULL),
('2023-11-01', '19891116 202321 1 005', ' HERRI SETIAWAN, S.Pd., Gr.', '06:46:42', '12:45:05', 'Jam Ke-0', 'Jam ke-8'),
('2023-11-01', '12345678 123456 1 019', 'EULIS CICAH ', '06:47:19', '13:51:51', 'Jam Ke-0', 'Jam ke-10'),
('2023-11-01', '19890408 201903 2 002', ' HANIFAH, S.Pd.', '06:47:51', '14:07:41', 'Jam Ke-0', 'Jam ke-10'),
('2023-11-01', '19850606 201101 2 003', ' SUCI INTAN SARI, M.Pd.', '06:50:40', '12:50:14', 'Jam Ke-0', 'Jam ke-8'),
('2023-11-01', '19710303 199903 2 007', ' N. YUYUN YUNIARTI, S.Pd.', '06:52:53', '13:39:16', 'Jam Ke-0', 'Jam ke-9'),
('2023-11-01', '19810205 200501 2 011', ' EMA SUKAESIH, M.Pd.', '06:53:46', '11:55:48', 'Jam Ke-0', 'Jam Istirahat Ke-2'),
('2023-11-01', '19800917 200801 2 012', ' IRA RAHAYUNINGSIH, S.Pd', '06:54:28', '14:04:09', 'Jam Ke-0', 'Jam ke-10'),
('2023-11-01', '12345678 123456 1 003', ' TINA GUSTINI, S.Pd.', '06:56:18', '13:58:03', 'Jam Ke-0', 'Jam ke-10'),
('2023-11-01', '19970306 202221 2 014', ' YULYANTI RIZKIA, S.Pd.', '06:56:25', '13:17:13', 'Jam Ke-0', 'Jam ke-9'),
('2023-11-01', '19930512 202321 2 026', ' YESSI AANUR RAYINA, S.Pd.', '06:58:44', '13:44:07', 'Jam Ke-0', 'Jam ke-9'),
('2023-11-01', '19911123 202321 2 026', ' NOVA SILVIA, S.Pd.', '06:58:48', '13:44:27', 'Jam Ke-0', 'Jam ke-9'),
('2023-11-01', '19950220 202321 2 025', ' MITTA PRATAMA, M.Pd.', '07:00:01', '14:11:36', 'Jam Ke-1', 'Jam ke-10'),
('2023-11-01', '19640204 199512 2 004', ' Dra. Hj. NENI ROHAYATI, M.Pd.', '07:01:35', '13:38:46', 'Jam Ke-1', 'Jam ke-9'),
('2023-11-01', '19650209 198412 2 002', ' Hj. INA HERLINA, S.Pd.', '07:04:30', '13:38:54', 'Jam Ke-1', 'Jam ke-9'),
('2023-11-01', '19680819 199302 2 002', ' Hj. N. RINI RAHMATIN, S.Pd.', '07:05:43', '13:47:55', 'Jam Ke-1', 'Jam ke-10'),
('2023-11-01', '19650214 199503 1 002', ' Drs. SUKARDI, M.Pd.', '07:14:35', '12:18:58', 'Jam Ke-1', 'Jam Istirahat Ke-2'),
('2023-11-01', '19760304 201412 2 002', 'HETI RAHMAWATI, A.Ma.Pust', '07:14:41', '15:24:43', 'Jam Ke-1', 'Jam ke-10'),
('2023-11-01', '19750124 200701 2 005', ' DEMIYANTI, S.Pd.', '07:20:52', '14:00:29', 'Jam Ke-1', 'Jam ke-10'),
('2023-11-01', '12345678 123456 1 013', 'NENGSIH YULIANINGSIH, S.I.Pust', '07:31:59', '15:26:42', 'Jam Ke-1', 'Jam ke-10'),
('2023-11-01', '19641124 199403 2 002', ' Dra. YAYAH SYAMSIAH, M.Ag.', '07:33:57', '13:58:07', 'Jam Ke-1', 'Jam ke-10'),
('2023-11-01', '19800429 202321 2 005', ' HENI HENDRAYANI, S.S.', '07:57:00', '11:54:09', 'Jam Ke-2', 'Jam ke-7'),
('2023-11-01', '19960512 202321 2 011', ' FAUZIAH NUR ACHMAD, S.Pd.', '07:59:45', '13:44:34', 'Jam Ke-2', 'Jam ke-9'),
('2023-11-01', '19710305 199308 2 001', 'IMAS KOMALA', '08:14:55', '15:24:47', 'Jam Ke-2', 'Jam ke-10'),
('2023-11-01', '19690926 199802 2 001', ' Hj. JUSTIKA PELITASARI, S.Pd.', '08:18:31', '13:57:53', 'Jam Ke-2', 'Jam ke-10'),
('2023-11-01', '19670617 198903 2 003', ' EULIS TUTIASIH, S.Pd.', '08:28:48', '13:40:00', 'Jam Ke-3', 'Jam ke-9'),
('2023-11-01', '12345678 123456 1 001', ' MUHAMAD KASYFIL AZIZI, S.Pd.', '08:29:31', NULL, 'Jam Ke-3', NULL),
('2023-11-01', '19640116 198412 2 003', ' RINI RIYANI, S.Pd.', '08:36:17', NULL, 'Jam Ke-3', NULL),
('2023-11-01', '19850830 202221 2 023', ' DINNA DANIATI, S.Pd.', '09:27:20', '13:47:25', 'Jam Ke-4', 'Jam ke-10'),
('2023-11-01', '12345678 123456 1 006', ' IRMA SUCI DESTIA, S.Pd.', '09:44:45', '11:44:15', 'Jam Istirahat Ke-1', 'Jam ke-7'),
('2023-11-01', '19660215 198903 1 005', ' OCENG RUM KARNODI, M.Pd.', '12:13:05', NULL, 'Jam Istirahat Ke-2', NULL),
('2023-11-01', '12345678 123456 1 015', 'KAHRI SUPRIADI', '14:35:57', NULL, 'Jam Ke-10', NULL),
('2023-11-02', '12345678 123456 1 015', 'KAHRI SUPRIADI', '05:15:13', NULL, 'Jam Ke-0', NULL),
('2023-11-02', '19800108 201412 1 001', ' INDRA BUDIAJI, M.Pd.', '05:33:04', '16:55:44', 'Jam Ke-0', 'Jam TU'),
('2023-11-02', '19880425 202321 2 011', ' SITI SAADAH, S.Pd.', '05:57:42', NULL, 'Jam Ke-0', NULL),
('2023-11-02', '19660814 198903 2 010', ' RINA AGUSTINI, M.M.Pd.', '05:57:47', NULL, 'Jam Ke-0', NULL),
('2023-11-02', '19660804 199803 1 005', ' Drs. CECEP HASANUDIN', '05:59:05', NULL, 'Jam Ke-0', NULL),
('2023-11-02', '12345678 123456 1 009', 'TATA SUTISNA', '06:00:39', NULL, 'Jam Ke-0', NULL),
('2023-11-02', '12345678 123456 1 002', ' SUHERMAN, S.Pd', '06:01:10', '15:51:39', 'Jam Ke-0', 'Jam ke-10'),
('2023-11-02', '19650828 199002 1 002', ' ONO SUHARYONO, M.Ag.', '06:10:57', '14:13:51', 'Jam Ke-0', 'Jam ke-10'),
('2023-11-02', '19690926 199802 2 001', ' Hj. JUSTIKA PELITASARI, S.Pd.', '06:26:31', '10:39:58', 'Jam Ke-0', 'Jam ke-6'),
('2023-11-02', '19930512 202321 2 026', ' YESSI AANUR RAYINA, S.Pd.', '06:26:37', '13:52:03', 'Jam Ke-0', 'Jam ke-10'),
('2023-11-02', '19670608 199702 2 002', ' Dra. AI SUHAETI', '06:36:01', '13:53:46', 'Jam Ke-0', 'Jam ke-10'),
('2023-11-02', '19660508 198903 2 003', ' Hj. AI NURHAYATI,S.Pd., M.Pd.', '06:36:28', NULL, 'Jam Ke-0', NULL),
('2023-11-02', '19660818 199703 2 002', ' Dra. TINI KARTINI', '06:37:12', '13:59:03', 'Jam Ke-0', 'Jam ke-10'),
('2023-11-02', '19640304 199303 2 003', ' Dra. SRI MULYATI', '06:44:26', '13:44:57', 'Jam Ke-0', 'Jam ke-9'),
('2023-11-02', '19680329 199601 2 001', ' NUNUNG SUKAESIH, S.Pd, M.Pd.', '06:46:52', '14:33:47', 'Jam Ke-0', 'Jam ke-10'),
('2023-11-02', '19680728 199403 2 009', ' Hj. YANTI SRI RAHAYU, M.Pd.', '06:46:58', NULL, 'Jam Ke-0', NULL),
('2023-11-02', '19680715 202221 2 005', ' Dra. EBAH SUAEBAH', '06:48:00', '11:51:35', 'Jam Ke-0', 'Jam ke-7'),
('2023-11-02', '19810205 200501 2 011', ' EMA SUKAESIH, M.Pd.', '06:50:18', '14:33:35', 'Jam Ke-0', 'Jam ke-10'),
('2023-11-02', '12345678 123456 1 019', 'EULIS CICAH ', '06:52:05', '13:45:53', 'Jam Ke-0', 'Jam ke-10'),
('2023-11-02', '19660110 198903 2 009', ' Hj. ENTIN SUMARTINI, S.Pd.', '06:52:54', '13:52:54', 'Jam Ke-0', 'Jam ke-10'),
('2023-11-02', '19710212 199903 2 003', ' DEDEH KURAESIN, S.Pd.', '06:52:58', '13:52:42', 'Jam Ke-0', 'Jam ke-10'),
('2023-11-02', '19770508 202221 2 009', ' RINA SITI PATIMAH, S.Pd.', '06:53:02', '13:52:57', 'Jam Ke-0', 'Jam ke-10'),
('2023-11-02', '19740515 199903 2 006', ' MAMAY CUMAETI , S.Pd.', '06:53:08', '13:48:41', 'Jam Ke-0', 'Jam ke-10'),
('2023-11-02', '19640204 199512 2 004', ' Dra. Hj. NENI ROHAYATI, M.Pd.', '06:54:22', '11:51:31', 'Jam Ke-0', 'Jam ke-7'),
('2023-11-02', '12345678 123456 1 003', ' TINA GUSTINI, S.Pd.', '06:54:49', '13:16:23', 'Jam Ke-0', 'Jam ke-9'),
('2023-11-02', '19830120 201412 2 002', ' SUSI SOMADI, M.Pd.', '06:55:44', '13:17:14', 'Jam Ke-0', 'Jam ke-9'),
('2023-11-02', '19960512 202321 2 011', ' FAUZIAH NUR ACHMAD, S.Pd.', '06:55:59', '13:50:03', 'Jam Ke-0', 'Jam ke-10'),
('2023-11-02', '19700813 199512 2 002', ' Hj. YULIA KARAHMATIKA, M.Pd.', '06:57:13', '13:49:08', 'Jam Ke-0', 'Jam ke-10'),
('2023-11-02', '19890408 201903 2 002', ' HANIFAH, S.Pd.', '06:57:28', '14:00:54', 'Jam Ke-0', 'Jam ke-10'),
('2023-11-02', '19800917 200801 2 012', ' IRA RAHAYUNINGSIH, S.Pd', '06:57:51', '13:13:04', 'Jam Ke-0', 'Jam ke-9'),
('2023-11-02', '12345678 123456 1 014', 'WIDYA AGUSTINA, A.Md', '06:58:38', '13:58:11', 'Jam Ke-0', 'Jam ke-10'),
('2023-11-02', '19850606 201101 2 003', ' SUCI INTAN SARI, M.Pd.', '06:58:44', '12:51:22', 'Jam Ke-0', 'Jam ke-8'),
('2023-11-02', '19710303 199903 2 007', ' N. YUYUN YUNIARTI, S.Pd.', '07:01:26', '13:52:32', 'Jam Ke-1', 'Jam ke-10'),
('2023-11-02', '19970306 202221 2 014', ' YULYANTI RIZKIA, S.Pd.', '07:05:15', '13:51:43', 'Jam Ke-1', 'Jam ke-10'),
('2023-11-02', '19680210 199802 2 002', ' MIMIN TITA MARLIANI, S.Pd.', '07:05:26', '13:46:50', 'Jam Ke-1', 'Jam ke-10'),
('2023-11-02', '12345678 123456 1 018', 'TATI IRMA DAMAYANTI, A.Md', '07:06:11', NULL, 'Jam Ke-1', NULL),
('2023-11-02', '19660215 198903 1 005', ' OCENG RUM KARNODI, M.Pd.', '07:06:16', '13:48:32', 'Jam Ke-1', 'Jam ke-10'),
('2023-11-02', '19670617 198903 2 003', ' EULIS TUTIASIH, S.Pd.', '07:08:43', '13:39:37', 'Jam Ke-1', 'Jam ke-9'),
('2023-11-02', '19680819 199302 2 002', ' Hj. N. RINI RAHMATIN, S.Pd.', '07:10:03', '12:05:25', 'Jam Ke-1', 'Jam Istirahat Ke-2'),
('2023-11-02', '19850830 202221 2 023', ' DINNA DANIATI, S.Pd.', '07:11:23', '13:52:36', 'Jam Ke-1', 'Jam ke-10'),
('2023-11-02', '19650214 199503 1 002', ' Drs. SUKARDI, M.Pd.', '07:12:08', '12:24:50', 'Jam Ke-1', 'Jam Istirahat Ke-2'),
('2023-11-02', '19891116 202321 1 005', ' HERRI SETIAWAN, S.Pd., Gr.', '07:12:36', NULL, 'Jam Ke-1', NULL),
('2023-11-02', '19661007 198903 2 004', ' LILIS HENDRAWATI, M.Pd.', '07:12:40', '12:56:12', 'Jam Ke-1', 'Jam ke-8'),
('2023-11-02', '19800429 202321 2 005', ' HENI HENDRAYANI, S.S.', '07:16:47', '13:52:00', 'Jam Ke-1', 'Jam ke-10'),
('2023-11-02', '19950220 202321 2 025', ' MITTA PRATAMA, M.Pd.', '07:23:05', '13:05:41', 'Jam Ke-1', 'Jam ke-9'),
('2023-11-02', '19700508 202321 1 001', ' ASEP SAEPULLAH, S.Pd.I.', '07:23:50', '10:20:07', 'Jam Ke-1', 'Jam ke-5'),
('2023-11-02', '12345678 123456 1 013', 'NENGSIH YULIANINGSIH, S.I.Pust', '07:36:30', NULL, 'Jam Ke-1', NULL),
('2023-11-02', '19760304 201412 2 002', 'HETI RAHMAWATI, A.Ma.Pust', '07:40:33', '15:50:46', 'Jam Ke-2', 'Jam ke-10'),
('2023-11-02', '19710305 199308 2 001', 'IMAS KOMALA', '07:49:25', '15:51:03', 'Jam Ke-2', 'Jam ke-10'),
('2023-11-02', '19911123 202321 2 026', ' NOVA SILVIA, S.Pd.', '08:09:30', '13:48:56', 'Jam Ke-2', 'Jam ke-10'),
('2023-11-02', '19680327 199203 2 002', ' TARSAH SUMIATI, S.Pd.', '08:29:01', '13:57:17', 'Jam Ke-3', 'Jam ke-10'),
('2023-11-02', '12345678 123456 1 001', ' MUHAMAD KASYFIL AZIZI, S.Pd.', '08:35:53', NULL, 'Jam Ke-3', NULL),
('2023-11-02', '19641124 199403 2 002', ' Dra. YAYAH SYAMSIAH, M.Ag.', '09:09:54', '15:54:04', 'Jam Ke-4', 'Jam ke-10'),
('2023-11-02', '12345678 123456 1 005', ' FATIN FAUZIYYAH TIRAS P. S.Pd.', '09:30:00', '13:53:54', 'Jam Ke-4', 'Jam ke-10'),
('2023-11-02', '19650209 198412 2 002', ' Hj. INA HERLINA, S.Pd.', '09:30:27', '13:04:42', 'Jam Ke-4', 'Jam ke-8'),
('2023-11-02', '19740409 200801 1 006', ' MAMUN NAWAWI, S.Ag., M.Pd.', '09:41:26', NULL, 'Jam Istirahat Ke-1', NULL),
('2023-11-02', '19641216 198903 2 004', ' Dra. TITIN ROSTIKA', '10:03:17', '13:53:08', 'Jam Ke-5', 'Jam ke-10'),
('2023-11-02', '19750124 200701 2 005', ' DEMIYANTI, S.Pd.', '10:55:54', '12:51:56', 'Jam Ke-6', 'Jam ke-8'),
('2023-11-02', '19640116 198412 2 003', ' RINI RIYANI, S.Pd.', '13:52:49', NULL, 'Jam Ke-10', NULL),
('2023-11-03', '19800108 201412 1 001', ' INDRA BUDIAJI, M.Pd.', '05:43:41', NULL, 'Jam Ke-0', NULL),
('2023-11-03', '12345678 123456 1 002', ' SUHERMAN, S.Pd', '06:00:48', NULL, 'Jam Ke-0', NULL),
('2023-11-03', '19660814 198903 2 010', ' RINA AGUSTINI, M.M.Pd.', '06:04:02', NULL, 'Jam Ke-0', NULL),
('2023-11-03', '19880425 202321 2 011', ' SITI SAADAH, S.Pd.', '06:04:11', NULL, 'Jam Ke-0', NULL),
('2023-11-03', '19650828 199002 1 002', ' ONO SUHARYONO, M.Ag.', '06:10:16', NULL, 'Jam Ke-0', NULL),
('2023-11-03', '19660804 199803 1 005', ' Drs. CECEP HASANUDIN', '06:10:21', NULL, 'Jam Ke-0', NULL),
('2023-11-03', '12345678 123456 1 009', 'TATA SUTISNA', '06:15:17', NULL, 'Jam Ke-0', NULL),
('2023-11-03', '19750124 200701 2 005', ' DEMIYANTI, S.Pd.', '06:28:23', NULL, 'Jam Ke-0', NULL),
('2023-11-03', '19650214 199503 1 002', ' Drs. SUKARDI, M.Pd.', '06:28:50', NULL, 'Jam Ke-0', NULL),
('2023-11-03', '19680327 199203 2 002', ' TARSAH SUMIATI, S.Pd.', '06:30:50', '12:18:11', 'Jam Ke-0', 'Jam Istirahat Ke-2'),
('2023-11-03', '19680819 199302 2 002', ' Hj. N. RINI RAHMATIN, S.Pd.', '06:31:09', NULL, 'Jam Ke-0', NULL),
('2023-11-03', '19641124 199403 2 002', ' Dra. YAYAH SYAMSIAH, M.Ag.', '06:31:31', NULL, 'Jam Ke-0', NULL),
('2023-11-03', '19700508 202321 1 001', ' ASEP SAEPULLAH, S.Pd.I.', '06:34:00', NULL, 'Jam Ke-0', NULL),
('2023-11-03', '19660110 198903 2 009', ' Hj. ENTIN SUMARTINI, S.Pd.', '06:36:01', '06:49:00', 'Jam Ke-0', 'Debugging'),
('2023-11-03', '19930512 202321 2 026', ' YESSI AANUR RAYINA, S.Pd.', '06:36:04', '06:48:57', 'Jam Ke-0', 'Debugging'),
('2023-11-03', '19680715 202221 2 005', ' Dra. EBAH SUAEBAH', '06:36:38', '12:17:17', 'Jam Ke-0', 'Jam Istirahat Ke-2'),
('2023-11-03', '19660818 199703 2 002', ' Dra. TINI KARTINI', '06:41:21', NULL, 'Jam Ke-0', NULL),
('2023-11-03', '19680329 199601 2 001', ' NUNUNG SUKAESIH, S.Pd, M.Pd.', '06:46:52', NULL, 'Jam Ke-0', NULL),
('2023-11-03', '19850606 201101 2 003', ' SUCI INTAN SARI, M.Pd.', '06:46:56', NULL, 'Jam Ke-0', NULL),
('2023-11-03', '19890408 201903 2 002', ' HANIFAH, S.Pd.', '06:47:04', NULL, 'Jam Ke-0', NULL),
('2023-11-03', '12345678 123456 1 019', 'EULIS CICAH ', '06:48:08', NULL, 'Jam Ke-0', NULL),
('2023-11-03', '19740409 200801 1 006', ' MAMUN NAWAWI, S.Ag., M.Pd.', '06:48:25', NULL, 'Jam Ke-0', NULL),
('2023-11-03', '19640116 198412 2 003', ' RINI RIYANI, S.Pd.', '06:48:48', NULL, 'Jam Ke-0', NULL),
('2023-11-03', '19710212 199903 2 003', ' DEDEH KURAESIN, S.Pd.', '06:48:54', NULL, 'Jam Ke-0', NULL),
('2023-11-03', '19770508 202221 2 009', ' RINA SITI PATIMAH, S.Pd.', '06:49:06', NULL, 'Jam Ke-0', NULL),
('2023-11-03', '19650209 198412 2 002', ' Hj. INA HERLINA, S.Pd.', '06:50:44', NULL, 'Jam Ke-0', NULL),
('2023-11-03', '19660508 198903 2 003', ' Hj. AI NURHAYATI,S.Pd., M.Pd.', '06:51:21', NULL, 'Jam Ke-0', NULL),
('2023-11-03', '19680210 199802 2 002', ' MIMIN TITA MARLIANI, S.Pd.', '06:51:27', NULL, 'Jam Ke-0', NULL),
('2023-11-03', '19830120 201412 2 002', ' SUSI SOMADI, M.Pd.', '06:51:52', NULL, 'Jam Ke-0', NULL),
('2023-11-03', '12345678 123456 1 005', ' FATIN FAUZIYYAH TIRAS P. S.Pd.', '06:54:50', NULL, 'Jam Ke-0', NULL),
('2023-11-03', '19891116 202321 1 005', ' HERRI SETIAWAN, S.Pd., Gr.', '06:55:19', NULL, 'Jam Ke-0', NULL),
('2023-11-03', '19740515 199903 2 006', ' MAMAY CUMAETI , S.Pd.', '06:57:10', NULL, 'Jam Ke-0', NULL),
('2023-11-03', '19690926 199802 2 001', ' Hj. JUSTIKA PELITASARI, S.Pd.', '06:57:57', NULL, 'Jam Ke-0', NULL),
('2023-11-03', '19641216 198903 2 004', ' Dra. TITIN ROSTIKA', '06:59:07', NULL, 'Jam Ke-0', NULL),
('2023-11-03', '12345678 123456 1 014', 'WIDYA AGUSTINA, A.Md', '06:59:50', NULL, 'Jam Ke-0', NULL),
('2023-11-03', '19911123 202321 2 026', ' NOVA SILVIA, S.Pd.', '07:01:17', NULL, 'Jam Ke-1', NULL),
('2023-11-03', '19800917 200801 2 012', ' IRA RAHAYUNINGSIH, S.Pd', '07:02:57', NULL, 'Jam Ke-1', NULL),
('2023-11-03', '19850830 202221 2 023', ' DINNA DANIATI, S.Pd.', '07:03:47', NULL, 'Jam Ke-1', NULL),
('2023-11-03', '12345678 123456 1 018', 'TATI IRMA DAMAYANTI, A.Md', '07:06:19', NULL, 'Jam Ke-1', NULL),
('2023-11-03', '19970306 202221 2 014', ' YULYANTI RIZKIA, S.Pd.', '07:09:01', NULL, 'Jam Ke-1', NULL),
('2023-11-03', '19640204 199512 2 004', ' Dra. Hj. NENI ROHAYATI, M.Pd.', '07:10:58', NULL, 'Jam Ke-1', NULL),
('2023-11-03', '19960512 202321 2 011', ' FAUZIAH NUR ACHMAD, S.Pd.', '07:13:32', NULL, 'Jam Ke-1', NULL),
('2023-11-03', '19810205 200501 2 011', ' EMA SUKAESIH, M.Pd.', '07:20:14', NULL, 'Jam Ke-1', NULL),
('2023-11-03', '19950220 202321 2 025', ' MITTA PRATAMA, M.Pd.', '07:21:48', NULL, 'Jam Ke-1', NULL),
('2023-11-03', '19800429 202321 2 005', ' HENI HENDRAYANI, S.S.', '07:25:39', '12:17:56', 'Jam Ke-1', 'Jam Istirahat Ke-2'),
('2023-11-03', '19661007 198903 2 004', ' LILIS HENDRAWATI, M.Pd.', '07:26:07', NULL, 'Jam Ke-1', NULL),
('2023-11-03', '12345678 123456 1 013', 'NENGSIH YULIANINGSIH, S.I.Pust', '07:31:48', NULL, 'Jam Ke-1', NULL),
('2023-11-03', '19640304 199303 2 003', ' Dra. SRI MULYATI', '07:41:06', '11:09:40', 'Jam Ke-2', 'Jam ke-6'),
('2023-11-03', '19760304 201412 2 002', 'HETI RAHMAWATI, A.Ma.Pust', '07:42:03', NULL, 'Jam Ke-2', NULL),
('2023-11-03', '19670617 198903 2 003', ' EULIS TUTIASIH, S.Pd.', '08:07:35', NULL, 'Jam Ke-2', NULL),
('2023-11-03', '19660215 198903 1 005', ' OCENG RUM KARNODI, M.Pd.', '08:07:45', NULL, 'Jam Ke-2', NULL),
('2023-11-03', '19700813 199512 2 002', ' Hj. YULIA KARAHMATIKA, M.Pd.', '08:07:57', NULL, 'Jam Ke-2', NULL),
('2023-11-03', '19710303 199903 2 007', ' N. YUYUN YUNIARTI, S.Pd.', '08:50:11', NULL, 'Jam Ke-3', NULL),
('2023-11-03', '1222', 'AP123', '10:18:34', NULL, 'Jam Ke-5', NULL),
('2023-11-03', '19680728 199403 2 009', ' Hj. YANTI SRI RAHAYU, M.Pd.', '07:00:00', '11:55:07', 'Jam Ke-1', 'Jam Istirahat Ke-2');

-- --------------------------------------------------------

--
-- Table structure for table `data_admin`
--

CREATE TABLE `data_admin` (
  `username` varchar(10) NOT NULL,
  `password` varchar(10) NOT NULL
) ENGINE=InnoDB DEFAULT CHARSET=utf8mb4 COLLATE=utf8mb4_general_ci;

--
-- Dumping data for table `data_admin`
--

INSERT INTO `data_admin` (`username`, `password`) VALUES
('admin', '12345');

-- --------------------------------------------------------

--
-- Table structure for table `data_guru`
--

CREATE TABLE `data_guru` (
  `nip` varchar(25) DEFAULT NULL,
  `nama` varchar(50) NOT NULL,
  `golongan` varchar(6) DEFAULT NULL,
  `mata_pelajaran` varchar(20) DEFAULT NULL
) ENGINE=InnoDB DEFAULT CHARSET=utf8mb4 COLLATE=utf8mb4_general_ci;

--
-- Dumping data for table `data_guru`
--

INSERT INTO `data_guru` (`nip`, `nama`, `golongan`, `mata_pelajaran`) VALUES
('12345678 123456 1 007', ' AMELISA SARINAYASA, S.Pd', '-', 'Bahasa Sunda'),
('19700508 202321 1 001', ' ASEP SAEPULLAH, S.Pd.I.', 'IX', 'PAI'),
('19710212 199903 2 003', ' DEDEH KURAESIN, S.Pd.', 'IV/b', 'IPA'),
('19750124 200701 2 005', ' DEMIYANTI, S.Pd.', 'IV/a', 'Matematika'),
('19850830 202221 2 023', ' DINNA DANIATI, S.Pd.', 'IX', 'IPS'),
('19670608 199702 2 002', ' Dra. AI SUHAETI', 'IV/b', 'BK'),
('19680715 202221 2 005', ' Dra. EBAH SUAEBAH', 'IX', 'Bahasa Inggris'),
('19640204 199512 2 004', ' Dra. Hj. NENI ROHAYATI, M.Pd.', 'IV/b', 'PKn'),
('19640304 199303 2 003', ' Dra. SRI MULYATI', 'IV/a', 'BK'),
('19660818 199703 2 002', ' Dra. TINI KARTINI', 'IV/b', 'BK'),
('19641216 198903 2 004', ' Dra. TITIN ROSTIKA', 'IV/a', 'Bahasa Inggris'),
('19641124 199403 2 002', ' Dra. YAYAH SYAMSIAH, M.Ag.', 'IV/b', 'PAI'),
('19660804 199803 1 005', ' Drs. CECEP HASANUDIN', 'IV/b', 'Matematika'),
('19650214 199503 1 002', ' Drs. SUKARDI, M.Pd.', 'IV/b', 'IPA'),
('19810205 200501 2 011', ' EMA SUKAESIH, M.Pd.', 'IV/b', 'IPA'),
('19940508 202221 1 005', ' ERI RAHMAN, S.Pd.', 'IX', 'PKn'),
('19670617 198903 2 003', ' EULIS TUTIASIH, S.Pd.', 'IV/b', 'Seni Budaya'),
('12345678 123456 1 005', ' FATIN FAUZIYYAH TIRAS P. S.Pd.', '-', 'Bahasa Inggris'),
('19960512 202321 2 011', ' FAUZIAH NUR ACHMAD, S.Pd.', 'IX', 'Prakarya'),
('19890408 201903 2 002', ' HANIFAH, S.Pd.', 'III/a', 'IPA'),
('12345678 123456 1 008', ' HARUM SARI, S.Pd', '-', 'Bahasa Sunda'),
('19800429 202321 2 005', ' HENI HENDRAYANI, S.S.', 'IX', 'Bahasa Inggris'),
('19891116 202321 1 005', ' HERRI SETIAWAN, S.Pd., Gr.', '-', 'Bahasa Indonesia'),
('19640131 198903 1 003', ' HERY KUSMANTORO, S.Pd.', 'IV/b', 'PJOK'),
('19660508 198903 2 003', ' Hj. AI NURHAYATI,S.Pd., M.Pd.', 'IV/b', 'Kepala Sekolah'),
('19660110 198903 2 009', ' Hj. ENTIN SUMARTINI, S.Pd.', 'IV/c', 'IPS'),
('19650209 198412 2 002', ' Hj. INA HERLINA, S.Pd.', 'IV/b', 'Matematika'),
('19690926 199802 2 001', ' Hj. JUSTIKA PELITASARI, S.Pd.', 'IV/b', 'PKn'),
('19680819 199302 2 002', ' Hj. N. RINI RAHMATIN, S.Pd.', 'IV/b', 'Bahasa Sunda'),
('19680728 199403 2 009', ' Hj. YANTI SRI RAHAYU, M.Pd.', 'IV/b', 'Bahasa Indonesia'),
('19700813 199512 2 002', ' Hj. YULIA KARAHMATIKA, M.Pd.', 'IV/b', 'IPS'),
('19800108 201412 1 001', ' INDRA BUDIAJI, M.Pd.', 'III/c', 'Seni Budaya'),
('19870424 202221 1 018', ' INDRA NURDIANSAH, S.Pd.', 'IX', 'IPS'),
('19800917 200801 2 012', ' IRA RAHAYUNINGSIH, S.Pd', 'IV/a', 'Matematika'),
('12345678 123456 1 006', ' IRMA SUCI DESTIA, S.Pd.', '-', 'Bahasa Inggris'),
('19760820 200801 1 005', ' IYAN MULYANA, S.Pd.', 'IV/a', 'PJOK'),
('19661007 198903 2 004', ' LILIS HENDRAWATI, M.Pd.', 'IV/b', 'IPA'),
('19740515 199903 2 006', ' MAMAY CUMAETI , S.Pd.', 'IV/b', 'BK'),
('19740409 200801 1 006', ' MAMUN NAWAWI, S.Ag., M.Pd.', 'IV/a', 'PAI'),
('19680210 199802 2 002', ' MIMIN TITA MARLIANI, S.Pd.', 'IV/b', 'Bahasa Indonesia'),
('19950220 202321 2 025', ' MITTA PRATAMA, M.Pd.', 'IX', 'PJOK'),
('12345678 123456 1 001', ' MUHAMAD KASYFIL AZIZI, S.Pd.', '-', 'PAI'),
('19710303 199903 2 007', ' N. YUYUN YUNIARTI, S.Pd.', 'IV/b', 'IPS'),
('19911123 202321 2 026', ' NOVA SILVIA, S.Pd.', 'IX', 'Seni Budaya'),
('12345678 123456 1 004', ' NOVIA AMALLINDA, S.Pd., Gr.', '-', 'IPA'),
('19680329 199601 2 001', ' NUNUNG SUKAESIH, S.Pd, M.Pd.', 'IV/b', 'Seni Budaya'),
('19660215 198903 1 005', ' OCENG RUM KARNODI, M.Pd.', 'IV/a', 'Bahasa Inggris'),
('19650828 199002 1 002', ' ONO SUHARYONO, M.Ag.', 'IV/b', 'IPA'),
('19660814 198903 2 010', ' RINA AGUSTINI, M.M.Pd.', 'IV/b', 'Bahasa Indonesia'),
('19770508 202221 2 009', ' RINA SITI PATIMAH, S.Pd.', '-', '-'),
('19640116 198412 2 003', ' RINI RIYANI, S.Pd.', 'IV/b', 'Prakarya'),
('19880425 202321 2 011', ' SITI SAADAH, S.Pd.', 'IX', 'PKn'),
('19850606 201101 2 003', ' SUCI INTAN SARI, M.Pd.', 'III/d', 'Matematika'),
('12345678 123456 1 002', ' SUHERMAN, S.Pd', '-', 'PAI'),
('19830120 201412 2 002', ' SUSI SOMADI, M.Pd.', 'III/c', 'Bahasa Indonesia'),
('19680327 199203 2 002', ' TARSAH SUMIATI, S.Pd.', 'IV/b', 'Matematika'),
('12345678 123456 1 003', ' TINA GUSTINI, S.Pd.', '-', 'Bahasa Indonesia'),
('19930512 202321 2 026', ' YESSI AANUR RAYINA, S.Pd.', 'IX', 'Prakarya'),
('19970306 202221 2 014', ' YULYANTI RIZKIA, S.Pd.', 'IX', 'Bahasa Indonesia'),
('12345678 123456 1 011', 'ASEP NURJAMAN', '-', 'TAS'),
('19631118 198703 1 004', 'AYUB', 'IV/a', 'Prakarya'),
('12345678 123456 1 019', 'EULIS CICAH ', '-', 'Caraka'),
('19760304 201412 2 002', 'HETI RAHMAWATI, A.Ma.Pust', 'II/b', 'TAS'),
('19710305 199308 2 001', 'IMAS KOMALA', 'III/b', 'TAS'),
('12345678 123456 1 012', 'JAJANG SUDIA', '-', 'TAS'),
('12345678 123456 1 015', 'KAHRI SUPRIADI', '-', 'Caraka'),
('12345678 123456 1 016', 'KOSASIH', '-', 'TAS'),
('4353 7626 6430 0033', 'NENGSIH YULIANINGSIH, S.I.Pust', '-', 'TAS'),
('12345678 123456 1 017', 'OTONG RUSMANA', '-', 'Satpam'),
('12345678 123456 1 009', 'TATA SUTISNA', '-', 'Caraka'),
('12345678 123456 1 018', 'TATI IRMA DAMAYANTI, A.Md', '-', 'TAS'),
('12345678 123456 1 010', 'USEP', '-', 'TAS'),
('12345678 123456 1 014', 'WIDYA AGUSTINA, A.Md', '-', 'PERPUSTAKAAN');

-- --------------------------------------------------------

--
-- Table structure for table `data_jam`
--

CREATE TABLE `data_jam` (
  `id_jam` int(11) NOT NULL,
  `hari` varchar(10) NOT NULL,
  `Jam Ke-0` time NOT NULL,
  `Jam Ke-1` time NOT NULL,
  `Jam Ke-2` time NOT NULL,
  `Jam Ke-3` time NOT NULL,
  `Jam Ke-4` time NOT NULL,
  `Istirahat 1` time NOT NULL,
  `Jam Ke-5` time NOT NULL,
  `Jam Ke-6` time NOT NULL,
  `Jam Ke-7` time NOT NULL,
  `Istirahat 2` time NOT NULL,
  `Jam Ke-8` time NOT NULL,
  `Jam Ke-9` time NOT NULL,
  `Jam Ke-10` time NOT NULL,
  `Jam Ke-TU` time NOT NULL
) ENGINE=InnoDB DEFAULT CHARSET=utf8mb4 COLLATE=utf8mb4_general_ci;

--
-- Dumping data for table `data_jam`
--

INSERT INTO `data_jam` (`id_jam`, `hari`, `Jam Ke-0`, `Jam Ke-1`, `Jam Ke-2`, `Jam Ke-3`, `Jam Ke-4`, `Istirahat 1`, `Jam Ke-5`, `Jam Ke-6`, `Jam Ke-7`, `Istirahat 2`, `Jam Ke-8`, `Jam Ke-9`, `Jam Ke-10`, `Jam Ke-TU`) VALUES
(102, 'senin', '05:30:00', '07:20:00', '08:00:00', '08:40:00', '09:20:00', '10:00:00', '10:15:00', '10:55:00', '11:35:00', '12:15:00', '12:45:00', '13:25:00', '14:05:00', '16:00:00'),
(103, 'selasa', '05:30:00', '07:00:00', '07:40:00', '08:20:00', '09:00:00', '09:40:00', '09:55:00', '10:35:00', '11:15:00', '11:55:00', '12:25:00', '13:05:00', '13:45:00', '16:00:00'),
(104, 'rabu', '05:30:00', '07:00:00', '07:40:00', '08:20:00', '09:00:00', '09:40:00', '09:55:00', '10:35:00', '11:15:00', '11:55:00', '12:25:00', '13:05:00', '13:45:00', '16:00:00'),
(105, 'kamis', '05:30:00', '07:00:00', '07:40:00', '08:20:00', '09:00:00', '09:40:00', '09:55:00', '10:35:00', '11:15:00', '11:55:00', '12:25:00', '13:05:00', '13:45:00', '16:00:00'),
(106, 'jumat', '05:30:00', '07:15:00', '07:55:00', '08:35:00', '09:15:00', '09:55:00', '10:10:00', '10:50:00', '11:30:00', '11:55:00', '12:25:00', '13:05:00', '13:45:00', '16:00:00');

--
-- Indexes for dumped tables
--

--
-- Indexes for table `data_guru`
--
ALTER TABLE `data_guru`
  ADD PRIMARY KEY (`nama`);

--
-- Indexes for table `data_jam`
--
ALTER TABLE `data_jam`
  ADD PRIMARY KEY (`id_jam`);

--
-- AUTO_INCREMENT for dumped tables
--

--
-- AUTO_INCREMENT for table `data_jam`
--
ALTER TABLE `data_jam`
  MODIFY `id_jam` int(11) NOT NULL AUTO_INCREMENT, AUTO_INCREMENT=107;
COMMIT;

/*!40101 SET CHARACTER_SET_CLIENT=@OLD_CHARACTER_SET_CLIENT */;
/*!40101 SET CHARACTER_SET_RESULTS=@OLD_CHARACTER_SET_RESULTS */;
/*!40101 SET COLLATION_CONNECTION=@OLD_COLLATION_CONNECTION */;
